GSR,HR,Label
1023.0,99.29075059101656,0
1006.0201371577106,76.42009670069211,0
998.0674943310083,83.37340484738654,0
980.442482586369,76.06936638771859,0
974.2092303600526,84.05320795121833,0
968.8358411793538,88.34778630460448,0
959.1636400068412,87.93957305221551,0
955.7246910606447,96.94648836611557,0
946.2675395222487,62.588365650969536,0
937.0251021271204,68.9114186851211,0
931.0067317894963,93.02386735237081,0
921.3346983624078,95.06373274161736,0
916.3912407045178,70.69840983196707,0
904.5697174088104,89.83264941579712,0
890.1686049762511,91.89777021919879,0
840.088376258726,77.29228451793675,0
778.1861210092208,67.86168650443446,0
787.4287261497736,96.64612903985123,0
745.730736290911,60.99848640632724,0
790.4377435731614,64.06400000000001,0
817.0899753333879,69.79483880840645,0
858.3578659240175,63.26543421821022,0
860.5073557926365,64.89783421097333,0
732.4045365380854,68.08979591836734,0
719.7233179421851,90.56367898510756,0
768.5142553275571,104.9617143605037,0
788.0733718158502,73.17084374686385,0
761.2062581669313,82.59318910561174,0
809.1375002521103,77.61107388963245,0
745.0859228794102,58.75428465071815,0
808.9224506179936,74.78661076885732,0
907.3636851980816,71.41844437365287,0
739.2826021759025,64.67060751900678,0
652.4480090028296,66.927702767404,0
667.9233631334256,64.62236683056537,0
665.5591591215388,64.61914822639831,0
735.1988398182053,85.378869676415,0
819.2391297111582,63.304054054054056,0
796.6708280540531,89.85194310181372,0
826.3322449830919,77.34124095480968,0
820.3140423908923,76.69249057886009,0
812.7911633415742,82.47508210368423,0
801.1845219345591,59.50969848723804,0
790.8675073505456,74.02320026650115,0
780.5506605119565,74.5137153167256,0
770.6635774507517,67.38231366761337,0
729.8254506375066,81.78734896097063,0
695.4352901938453,84.65777931671283,0
700.1640337084676,114.70728656045752,0
736.4884666412071,91.06453197087659,0
757.3373776979263,111.49942329873126,0
753.6835468630376,108.95040369088812,0
747.0203631139127,84.12259021255561,0
745.9457859250276,92.95165420684144,0
747.2354127480291,110.0992214040769,0
731.5448412378923,68.41851102433343,0
722.7325031109972,70.17653460814728,0
719.2933864193765,90.35474449011295,0
712.2006066382914,86.64405927176824,0
704.4628457002814,70.66764132553607,0
698.4444753626574,72.49142951066028,0
689.6319694903376,66.91736069731024,0
679.7447186837084,64.32585227235118,0
668.9979403223107,66.75146920334743,0
660.8304156069164,66.093925381114,0
652.2329593687132,68.32402724589923,0
641.7010628960076,72.7549799916405,0
632.4586255008793,72.87935703286772,0
624.5061504196013,73.77591258865732,0
614.8339492470889,70.0816723432556,0
606.0214433747691,65.60665377521346,0
596.9940556137573,69.21092092945648,0
588.3965993755542,69.08803644914755,0
595.4395587655839,69.6875,0
592.1990526564857,76.16272244191795,0
582.7417333726653,83.63889472433826,0
556.7343150239395,97.51946305442809,0
530.081747772864,93.77164883380713,0
516.541001622195,79.99531772872118,0
509.6629359843779,77.17506901974335,0
523.4188995145878,58.45230401034101,0
544.9127917282322,79.77862903225807,0
527.5028296177094,104.69338235294117,0
513.9615802307674,82.6597349877451,0
513.7465305966507,74.69073268581081,0
508.80307293876047,96.4769646830992,0
504.0744971695626,93.08283472650345,0
499.56097103448104,78.0358718204872,0
495.692090565476,79.75491529147544,0
491.82321009647103,69.17331963149631,0
490.31853363935267,90.43634727845254,0
485.3750759814625,91.68499342537805,0
493.11300466489695,107.72827082772996,0
475.7028748089499,99.85943012502577,0
462.8067743243574,76.7746421503483,0
472.048876228637,97.04613363079797,0
471.6191124512527,96.47436837565468,0
465.6007421136285,106.39410181291424,0
463.02148846762515,81.85901637768636,0
459.36765763273667,67.2264690358902,0
455.4987771637315,66.78053010584044,0
449.9105060943405,67.56778798488806,0
445.39681221383466,68.81649324372863,0
440.88295058790436,65.2984497104353,0
435.7244432958975,62.990292586889154,0
432.28549434970125,65.33065228241256,0
427.7718004691953,65.20091132024814,0
422.6132931771886,63.7667851135389,0
419.6041080083765,64.474434686256,0
415.73522753937146,67.13114930182599,0
411.2215336588656,67.82900647037964,0
407.3526531898606,66.80626751742338,0
407.13777130116836,61.042334289087535,0
426.4821736461936,97.6607522347782,0
426.91210516900236,93.70717043146803,0
414.6606503504863,74.23763572009145,0
415.73522753937146,103.6192365703678,0
416.8101402191054,90.89944980795184,0
414.6606503504863,86.66860174984149,0
408.6422800128621,63.02338293553992,0
402.4091955319703,92.99772849955477,0
399.82994188596695,73.89119545700994,0
394.02662118245945,78.30869610205514,0
392.9518762481498,86.31876518193937,0
392.09218094795676,74.23502803488785,0
387.57831932202646,73.30107151824024,0
385.2142830555641,65.63768881219443,0
380.7005891750582,63.412320777757344,0
377.04642284932083,65.80913449978075,0
372.7477786029316,67.36842105263158,0
368.44913435654223,67.70185698163537,0
366.51469412203966,71.02009033680318,0
363.2907948099598,72.92123237636058,0
359.8515103729147,70.59253780407626,0
357.2724244723356,69.7868638538495,0
353.8333077807149,67.98168695305992,0
350.82412261190296,65.7451730446484,0
347.385341411131,67.18247949437088,0
344.37615624231887,68.70022876312449,0
341.79673485089114,73.25298187236913,0
338.57283553881126,76.42017857491746,0
335.34860073588266,71.36296296296295,0
333.62921013549663,76.08170370370371,0
330.1902611893004,78.02224038461537,0
326.96619413179616,71.9563454859937,0
323.74212707429194,77.06603398529208,0
321.37792306240505,70.2175255284683,0
318.58345203686076,70.75267956499236,0
315.57443461347316,74.10063188042022,0
313.6399943789706,69.80668023034181,0
311.4906722557759,71.62696830171771,0
308.69653672108035,72.89133248792447,0
305.47246966357625,72.85111374508779,0
303.32297979495706,72.9204728837596,0
300.0989127374529,88.61542253949847,0
309.7711139099655,76.07596984680231,0
319.0133835596695,55.6118446237568,0
308.48148708696385,57.57493388343195,0
296.2300322684478,49.84618077987918,0
287.20264450743605,61.55349548093782,0
277.9603748577321,79.40951538261645,0
281.18444191523633,73.79799529964072,0
283.7636955612397,104.06146237220635,0
284.83844049554926,86.41643011895124,0
281.82925532673715,65.9912351426727,0
278.60518826923294,89.55464867488328,0
275.5958353549964,86.9746309180046,0
274.73614005480346,81.43590454736551,0
276.8856299234225,75.16836798991808,0
276.8857976688469,66.8677620176405,0
288.92203510782196,64.11863189720333,0
316.2194157703984,70.6350399419027,0
299.8838631033363,85.2777680690022,0
309.1263004984646,96.16350904567253,0
285.0533223842413,85.22174104118531,0
293.4358967337523,72.69289526887474,0
274.73630780022785,78.83598174444066,0
282.6891183723546,103.89867575283083,0
285.91301768443435,100.75579862643036,0
304.61260661795876,72.14097718431553,0
279.89464734681025,71.1420945182085,0
283.11888214973885,88.22872847086484,0
283.9785774499318,79.59110830530905,0
283.7635278158153,75.14239817776831,0
284.40850897274055,67.94883441155889,0
284.8382727501248,66.54837314884878,0
283.7636955612397,68.00576926046605,0
283.11888214973885,66.39982433025912,0
283.7636955612397,76.89014705897569,0
284.62339086143265,68.65065822666057,0
292.3611517994428,67.25435271351196,0
297.51965909144957,61.91419892165498,0
285.26820427293353,91.121260451404,0
286.9877626187439,72.63009920212136,0
297.7345409801416,67.68335533704166,0
289.78206589886383,82.01297129443982,0
289.3519666306307,86.37086044918696,0
290.2119974216725,72.815878613889,0
294.2957597793697,69.15918902526045,0
292.7910833222515,60.19154515021963,0
289.35230212147957,65.36478766857084,0
285.26820427293353,89.95246808669921,0
283.11888214973885,67.33166280230044,0
281.1844419152363,78.79259713601407,0
279.67993320354253,94.14786943160644,0
277.74532522361557,73.16179483364425,0
275.3809534663043,77.90068249483735,0
273.0167494544175,63.48121204847695,0
272.1570541542245,62.89165836871668,0
268.2881736852194,71.39716446124764,0
275.58459641155974,89.50230680507497,0
309.7248161728234,80.97343756674783,0
306.71579874943575,73.66611046133853,0
304.35159473754885,69.73418867924528,0
302.6320363917385,73.25248409065534,0
300.4825465231195,71.56427575826392,0
298.7629881773091,59.13800087726805,0
297.0435975769231,58.09560443125767,0
296.828715688231,70.85146426395247,0
297.0435975769231,88.8175852119908,0
296.1839022767302,74.35626608570446,0
293.6044808853024,60.69128591989096,0
291.8850902849164,86.5106155492919,0
291.02505949387455,79.69229134756395,0
290.16553193910596,71.02120026361594,0
289.30566889348853,71.54359311743494,0
287.5861105476782,64.64076946748382,0
289.9504823049894,79.6088714800231,0
286.5115333587931,74.31497758501217,0
285.8667199472922,98.79530938374825,0
285.43678842448355,99.39444936435129,0
283.93244745821414,74.77203116745508,0
281.78295758959507,68.62541633345236,0
279.8485173550925,66.79927160666759,0
278.34384089797425,65.418416958909,0
276.62461804301273,70.96614133597384,0
275.33482347458664,74.19557645438057,0
273.40038324008407,77.19367057118706,0
271.6808248942737,79.21402551020408,0
269.53150277107903,76.98024056603774,0
267.8119444252686,72.79652830188678,0
265.66262230207394,70.87601078167117,0
264.15794584495575,65.51227375300205,0
262.6532693878375,68.09940356313791,0
261.1490961669925,70.02594078298492,0
259.64425196444984,68.55494115554554,0
257.70997947537165,73.1749414020882,0
256.2054707636779,72.87968441814596,0
254.27086278375094,72.5663050624589,0
253.1962855948658,75.80089035851026,0
251.2618453603633,75.29329997338301,0
249.32723738043632,74.84065129706599,0
248.03777830285907,75.22686079103082,0
245.67357429097228,69.56020381980966,0
243.95384819973742,70.94689375628462,0
242.44933948804362,68.1263790483685,0
240.94499852177424,69.5809224881611,0
239.2252724305394,72.94739122063919,0
237.07595030734473,76.2557802197802,0
234.06676513853267,99.76305425584869,0
233.63683361572396,102.59003945911219,0
232.56225642683884,85.35268308873368,0
231.91727526991355,85.9347429116961,0
230.84269808102843,72.4090857418083,0
228.69320821240936,69.16044468614334,0
227.18886724613995,68.1343663078062,0
226.32900420052255,65.1049166549937,0
224.39456396602006,72.14633380159397,0
222.46029147694196,79.10398077991009,0
222.24524184282538,74.65945512820511,0
220.52568349701497,75.93195266272188,0
220.525683497015,78.06250887573964,0
221.3852110517835,71.31979693034239,0
221.38537879720792,69.1471287550833,0
218.16164723055257,74.17876792423894,0
214.93741242762397,85.88217013621266,0
213.43290371593014,85.90851234152012,0
212.57304067031268,80.88955927585344,0
210.42388629254248,67.9437059601417,0
208.48944605803993,73.35576081672339,0
206.76988771222952,70.43573932400275,0
205.26537900053572,69.27184655598005,0
203.3307710206088,73.57634307140198,0
202.25619383172364,71.84617037799023,0
200.53663548591328,78.54934206338322,0
198.81724488552737,81.96189264715171,0
197.31256842840904,91.81189016683518,0
197.09751879429248,86.22228260869566,0
200.32175359722115,84.9729009462211,0
201.82643005433937,77.87458762711289,0
200.53663548591328,96.62798353909466,0
198.6023629968352,91.32136416063751,0
197.52745031710117,78.09890870375298,0
196.23799123952395,68.43831575336594,0
204.62039784361045,71.3576434268073,0
204.83544747772703,69.98729690219282,0
195.1632463052144,75.61658344423742,0
194.30371875044585,81.64066004530471,0
193.87361948221272,90.42701206583187,0
195.80805971671523,65.86305289913973,0
195.59317782802307,56.34632969220038,0
203.11588913191667,92.14296002255807,0
207.19981923503826,103.4850863422292,0
209.34914135823294,98.71957429839642,0
208.70432794673206,102.7446097241807,0
207.19965148961387,81.10787680801221,0
192.1540611364023,84.53515177465832,0
194.51860063913796,87.58185404339251,0
194.73331478240564,57.78686622578026,0
184.4164679438166,79.26414283081837,0
185.49104513270174,81.90372424005565,0
183.7716545323158,65.87085863557425,0
182.05192844108095,67.2854512075238,0
181.1924008863124,66.66560603078683,0
189.14504371301467,85.16891943557337,0
187.85524914458856,83.7714492889939,0
184.41630019839224,91.93632496992609,0
184.8462317212009,77.43713922819154,0
184.20141830970007,64.67184803037858,0
182.0520961865054,62.491935483870975,0
180.11748820657843,62.04474505723205,0
177.96816608338378,63.11148187263475,0
176.46365737168992,59.77681789587685,0
185.06111360989306,71.47368723245089,0
190.00473901320765,95.45940874569834,0
185.920808910086,111.39547289504037,0
182.4818599638897,87.4227798192685,0
177.9683338288082,98.78220709771512,0
177.96833382880823,72.32234572126401,0
177.96816608338375,56.65570562190721,0
176.89342114907421,63.68000000000001,0
176.4634896262655,70.4782339638158,0
175.17403054868828,64.26406850287725,0
173.2395903141857,63.4810501609077,0
173.02470842549363,67.74003470398412,0
171.94996349118404,66.68153372212669,0
170.01552325668152,67.4039437351314,0
178.3982653516169,70.23160972606956,0
183.98653642100794,82.4986901326187,0
176.2487754829978,78.66485914461478,0
175.81884396018913,62.63688204599626,0
165.2869474874835,82.14454024152697,0
162.49281195278797,81.52580752176368,0
160.7732536069776,72.52278392667145,0
159.0536952611672,66.70986151780352,0
157.1194227720891,68.60954393136859,0
155.829628203663,66.82201912457222,0
155.18498253758654,67.80666289506289,0
168.5108467995633,78.81532121956376,0
165.71671126486774,77.58250445362395,0
159.26857714985934,60.99469055111756,0
150.88583505492392,65.51905487443102,0
149.81142561146322,97.48735693372372,0
148.73668067715371,76.14244363593377,0
147.66210348826857,62.68961898103866,0
145.94237739703377,77.49138280115753,0
144.6529183194565,80.92618680614262,0
144.00810490795567,71.49006948907268,0
142.07366467345312,69.81368878095915,0
140.78403785045145,71.84994765973317,0
138.8495976159489,68.37717917400136,0
138.41966609314022,58.56340170369482,0
147.44722159957644,64.05993137266152,0
155.18498253758654,66.87063092118525,0
156.68932350385592,86.18173706127304,0
145.94237739703377,85.75803006549157,0
137.77485268163935,88.18413156257745,0
135.84041244713686,75.96887001200606,0
134.335903735443,82.84440402677083,0
134.55095336955955,63.551198257080614,0
144.86780020814868,62.986727816703784,0
147.44705385415202,71.24653739612188,0
142.71847808495394,93.51736878080368,0
137.3449211588307,93.86101928374656,0
134.335903735443,102.94053709638126,0
128.3175333978189,95.73687803415392,0
126.81319243154945,100.01164668496429,0
126.38326090874077,84.47091224336069,0
126.59814279743291,72.36149706577058,0
126.1682112746242,75.97836262406196,0
124.87858445162253,75.29046234964574,0
124.01888915142953,70.90632576560036,0
122.94414421711998,70.46443984440015,0
122.51404494888685,70.69098652937036,0
121.43963550542617,72.43051004939116,0
120.3648905711166,69.85405447699154,0
119.93479130288347,73.8869359114299,0
119.50519527092362,73.39378663818678,0
118.64549997073065,71.77028152286252,0
117.5705872909967,74.62946526408064,0
116.49601010211157,74.39837767867863,0
115.8511966906107,59.46087006051976,0
115.42143291322644,84.1473575497831,0
114.5614021221846,77.27918931220991,0
114.13163834480035,64.57965831401981,0
113.27194304460733,58.543659382945094,0
111.98231622160566,71.10210437710438,0
111.98214847618121,80.55555555555554,0
120.57977245980875,101.36176046176047,0
122.5142126943113,82.78493514630733,0
113.05689341049079,95.62265037593986,0
113.05706115591522,103.512567132116,0
107.68350422979191,74.46983104717296,0
106.17899551809809,64.99025456729319,0
105.53418210659723,77.21869999053622,0
105.10425058378854,78.76129164826365,0
104.24438753817114,68.8218081087887,0
104.45926942686326,64.87272727272727,0
103.38485998340254,64.36206896551724,0
103.16997809471043,63.487213411264264,0
101.2355378602079,57.404098520550036,0
101.02048822609135,68.78762713192242,0
108.1134357526006,90.39195170031176,0
113.70204231284049,86.95377123073838,0
104.8893686950964,80.03669938016529,0
104.24455528359556,86.47088604036657,0
99.51597951439751,80.0114306328592,0
98.01147080270368,71.06262626262625,0
97.3664896457784,67.23121528248205,0
96.50662660016101,70.18902255930146,0
95.8619809340846,69.7713358070501,0
95.00245337931604,68.25,0
95.00245337931604,69.55511091779033,0
94.35747222239077,67.851119970435,0
93.28272728808123,69.5266759162767,0
92.63791387658037,68.25691868233184,0
92.20815009919609,69.25471353598456,0
90.48859175338569,68.58835616438355,0
89.62889645319274,56.872630887596166,0
89.19879718495959,74.84654719459562,0
88.7690334075753,79.65625,0
87.90933810738234,69.9798044217687,0
87.04981055261378,73.33265516082977,0
86.61987902980508,69.5901906441589,0
85.11520257268683,73.95086662608527,0
85.54513409549554,73.82123819217337,0
85.33025220680338,72.37012855626955,0
84.68560654072697,78.58857255767073,0
84.25567501791826,69.99332240636193,0
83.39581197230086,67.46735259200632,0
82.75083081537556,67.91477706627983,0
82.10618514929917,66.09683617773453,0
81.89130326060703,68.74037413011743,0
81.2464898491062,70.82662759318603,0
80.3866268034888,67.99390068710166,0
80.17157716937223,75.68352195563604,0
79.09716772591152,82.88001686960492,0
78.88211809179498,73.8324339746691,0
79.09716772591152,71.74255393050748,0
77.59232352336883,70.94541910331384,0
76.94767785729243,68.76088106005002,0
76.73279596860029,72.58473931897115,0
76.08798255709945,70.8324362405559,0
75.65805103429076,72.99229330340441,0
75.22811951148205,76.58666666666667,0
74.79818798867333,72.6953957879448,0
74.5833060999812,75.66542085243684,0
73.07879738828737,75.71294301155297,0
72.64886586547867,70.8482592846488,0
72.4338162313621,71.95244872930235,0
72.21893434266995,72.94732470612882,0
73.07879738828737,69.2510349238542,0
72.86374775417082,70.73930128906946,0
72.21893434266995,74.54450404463117,0
72.21893434266995,77.3970411736727,0
71.1445248992093,79.0589246668055,0
70.28449410816745,71.96411637931035,0
70.06961221947529,66.29944136584928,0
68.99503503059019,70.3509641559406,0
68.13517198497276,68.36671600682018,0
67.7054082075885,67.76798455468816,0
66.84554516197109,69.96453683142175,0
66.84554516197109,69.26840540550049,0
66.20089949589469,67.99879069341975,0
66.41578138458681,73.47277685950412,0
65.34103645027724,56.70025,0
72.86391549959525,70.39914772727272,0
76.08798255709945,66.00265028532073,0
70.92930751966828,85.2033891565092,0
67.92029009628065,89.59970031386469,0
64.69622303877641,95.64329409888114,0
64.26629151596772,86.86186428405789,0
63.62164584989131,75.04761124955499,0
63.62164584989129,70.80607142857144,0
63.19154658165816,74.07476461727866,0
62.97666469296602,73.11682295612293,0
61.902087504080896,74.80958108965828,0
61.68703786996433,74.2934608367411,0
61.68703786996433,66.4306776859504,0
61.68703786996433,83.56094285523346,0
60.182529158270526,74.7452616987212,0
60.182529158270526,70.66891454199408,0
62.76195054969833,78.69445579952495,0
71.78917056528569,79.45477021475548,0
68.99503503059019,68.19630696576151,0
63.62147810446686,85.14554195011337,0
67.92029009628062,78.35064227437437,0
70.28449410816745,98.25905851651109,0
70.71459337640057,102.18238587424634,0
69.21008466470676,86.21037037761168,0
66.84554516197109,106.19149330685254,0
62.117137138197485,107.06727792651026,0
60.39741104696267,89.57830470763086,0
58.89290233526885,95.98002958579882,0
57.818325146383714,96.06653352130326,0
58.03320703507584,94.41047349296363,0
57.60344325769157,69.61789218890058,0
58.03320703507586,95.94564105568321,0
56.743412466649744,65.69835214703046,0
56.52853057795759,66.06711905401774,0
57.818325146383714,69.84924557926728,0
57.173343989458445,66.0326530612245,0
56.74358021207416,74.65357142857142,0
55.668835277764614,70.88718820861679,0
55.66900302318905,71.20134461890976,0
55.23890375495591,72.41206615420451,0
55.23890375495591,72.40127177422323,0
54.593922598030645,68.67290967633916,0
54.379208454762924,74.24015420933235,0
53.51951315456996,65.57483145430875,0
53.7343950432621,72.88569652547613,0
53.51951315456996,74.8419660942046,0
53.7343950432621,68.64317675104178,0
53.08974937718569,68.59954472918348,0
52.65981785437697,66.05257822274876,0
52.22971858614383,66.2442508615022,0
52.0148366974517,67.2745478440453,0
51.15514139725871,67.7249043661786,0
51.370023285950865,74.50520993354587,0
50.725377619874436,80.16492809685192,0
50.725377619874436,73.32694730306737,0
49.86551457425704,69.98938975721322,0
49.43558305144832,65.15444672823023,0
49.65046494014047,63.41347578627074,0
49.435415306023906,66.77111480296108,0
48.57588775125535,70.53258778258778,0
48.14612397387106,69.73516628873773,0
48.14612397387106,74.59891836734694,0
48.57588775125535,70.62846523716699,0
47.28626092825366,67.89016889201561,0
46.64144751675282,66.90485971843077,0
46.85632940544496,65.09306679610496,0
45.78175221655984,65.94408155736737,0
46.64144751675282,70.64366532070139,0
45.996634105251985,71.34646572524821,0
45.136938805059,67.80682643427743,0
54.80897223214722,59.65596970513846,0
52.44460047483597,65.2089959226329,0
48.79093738537192,78.77970669837495,0
49.22070116275621,91.96815042027796,0
48.36083811713876,73.22130606511085,0
49.43558305144834,71.25709755469941,0
49.22053341733175,71.86935791481245,0
49.22053341733177,74.1002479338843,0
49.22053341733177,71.12357142857144,0
49.00565152863963,75.31737362637364,0
48.36100586256321,73.93015384615381,0
48.36100586256321,74.64754680152603,0
48.14612397387106,73.39335121448508,0
47.716192451062355,65.75381501090004,0
47.93124208517893,66.38504155124653,0
47.93124208517893,64.44664146986557,0
47.501142816945794,67.09389543234703,0
47.50131056237023,70.47826609043082,0
47.28609318282923,70.58549127640038,0
47.716192451062355,71.19263918006055,0
47.501142816945794,71.70294304713434,0
46.641279771328385,69.79337779077454,0
46.641279771328385,70.5029140691708,0
46.42639788263626,70.61135013115921,0
46.21151599394412,72.1241680070901,0
45.996634105251964,72.03659753262221,0
45.5668703278677,70.7712125236155,0
45.5668703278677,69.44987717309147,0
45.996634105251985,75.63005077917693,0
45.78175221655984,72.15004933336706,0
45.5668703278677,73.28670350423165,0
45.351988439175564,74.7143696546321,0
44.27690801401716,71.59274479605448,0
45.136938805059,69.81240284173269,0
44.70683953682586,68.25559167601475,0
44.491957648133734,68.8040017807677,0
44.277075759441594,74.48483766233767,0
44.491957648133734,70.27636363636364,0
44.277075759441594,70.32433425160698,0
44.062026125325026,73.34053735404939,0
43.84714423663288,73.36257726923667,0
43.84714423663288,73.62926855984881,0
44.707007282250295,75.1313247192368,0
45.136938805059,96.54488867775581,0
41.91287174755478,104.60608855014449,0
35.89450140993063,99.61596702474856,0
35.03497385516208,75.87803391195162,0
35.46473763254635,75.81811741246848,0
37.184295978356744,68.2723761960533,0
36.324432932739334,77.70096739509788,0
36.7541967101236,80.78923795689343,0
37.39917786704889,66.80828785152886,0
37.61389201031659,81.5745908882451,0
36.32460067816375,101.03877089588198,0
36.539314821431454,76.3989250020996,0
36.109383298622774,76.9006723878768,0
35.67961952123848,75.13496043315286,0
35.6796195212385,71.11720164609054,0
36.109383298622774,66.58092095927346,0
34.17494306412024,65.72099541362324,0
34.17511080954468,66.79906088475819,0
33.53029739804382,61.222957651529086,0
33.53012965261939,91.82544030517003,0
33.53012965261939,77.68082395909423,0
35.034806109737666,60.804923076923075,0
34.17494306412024,56.16030669222435,0
35.249520253005365,56.358405730165444,0
33.74501154131154,83.51284175642087,0
33.10036587523511,82.57427144450025,0
33.31524776392725,62.64255875516529,0
32.670602097850846,66.30959943743262,0
32.670602097850846,64.93726453863766,0
32.4557202091587,91.07658259947438,0
31.595857163541297,82.31738262019299,0
31.595689418116862,80.28388541519118,0
31.165757895308168,68.18340441747644,0
30.521112229231747,61.244691531028465,0
31.38080752942473,61.53200895513928,0
31.165925640732592,72.7737128820979,0
30.306230340539614,63.93910335489694,0
29.016603517537913,74.83708174813643,0
29.231485406230057,62.92977525148061,0
31.165925640732592,95.9392113008507,0
32.24067057504214,75.96984830536243,0
29.661249183614345,83.37602902163027,0
29.0164357721135,97.90487518536827,0
28.371622360612655,76.43355794330117,0
28.586671994729212,70.52943339253953,0
29.01660351753792,72.2427018964415,0
28.37179010603708,73.38510848126232,0
27.29704517172754,70.86443826828443,0
27.941858583228377,75.03087613725911,0
27.0821632830354,73.57726335214937,0
27.512094805844097,73.48768020280008,0
27.512094805844097,71.81529519770254,0
27.08233102845982,71.0605681034066,0
27.08216328303539,59.754498299900376,0
27.0821632830354,70.67360313492333,0
26.43718212611012,78.29494388208352,0
27.29704517172754,65.6339721621747,0
26.652231760226694,67.58135406384001,0
24.932841159840727,66.0728562910424,0
26.007250603301415,100.94583185649023,0
27.081995537610965,61.1130115991258,0
28.156572726496087,78.13309753565798,0
25.79236871460928,108.52779799773205,0
24.932673414416303,91.16251677615313,0
24.502909637032023,89.35340323194575,0
24.717959271148583,69.30929058279486,0
23.64304659141462,70.28777443046448,0
24.072978114223314,68.24224516634489,0
24.072978114223325,70.28640980441534,0
23.857928480106754,70.47567614394373,0
23.427996957298056,71.10134489284947,0
22.5684694025295,69.76571928445867,0
23.42816470272248,70.28777443046448,0
22.78318354579721,68.09604633593553,0
22.353587513837343,68.35180055401662,0
22.56846940252949,64.36669435215947,0
22.56846940252949,57.79008696501856,0
24.71779152572416,101.07125613583327,0
24.28786000291546,78.59249340348549,0
23.42816470272248,52.85944830174516,0
22.783351291221635,82.72321261024582,0
22.56846940252949,90.31190500413334,0
21.278842579527808,90.03221603800341,0
21.06362519998682,77.46472167114015,0
21.06379294541125,68.81350180968887,0
20.20409764521826,73.06181931791781,0
20.848743311294683,61.81301798794384,0
20.848911056719107,64.84894164277281,0
20.418979533910395,94.92310736431482,0
20.41914727933482,77.6923884638496,0
20.418979533910395,67.7034492545128,0
19.77416612240955,68.96449214620345,0
19.559284233717417,63.742728203889094,0
19.559284233717417,64.61034166069602,0
18.914470822216582,65.50701754385965,0
19.989215756526118,66.95391156462586,0
19.34440234502528,69.34156265812109,0
18.914638567641006,67.67760200850103,0
18.48453929940787,65.96161299424793,0
18.48453929940787,65.45496162577018,0
18.484539299407878,68.49724992875463,0
18.05460777659918,66.71773593337123,0
17.839725887907022,62.39318180351185,0
18.269657410715727,77.8115393183337,0
17.19508022183061,75.89285714285714,0
16.98019833313848,84.95578231292517,0
16.980030587714044,80.88583259390714,0
16.550099064905343,82.85662352770103,0
16.765148699021903,72.47856116569383,0
16.120335287521065,62.00776793978987,0
16.3352171762132,65.21206887194697,0
16.33521717621321,83.82740275597418,0
16.550266810329767,69.92989355417446,0
16.3352171762132,80.19850375974104,0
16.76514869902191,61.51011355385053,0
15.690403764712364,89.19235176871769,0
15.260472241903662,69.03683772062398,0
16.3352171762132,66.19964087347704,0
15.260472241903662,68.82521262838563,0
15.04559035321152,71.50689136038787,0
15.475354130595797,59.43921837403356,0
14.830708464519374,93.83848359432774,0
14.61582657582724,74.20851075790446,0
15.47552187602022,70.30175414381219,0
14.61582657582724,72.8721859114016,0
14.615658830402818,73.63259277522099,0
14.18589505301854,80.99735605591486,0
14.186062798442963,89.92673149686232,0
14.18589505301853,84.15079365079364,0
14.61582657582724,69.67893217893217,0
13.755963530209836,69.80649060328642,0
14.61582657582724,65.8048721743057,0
13.54091389609327,66.0872731270176,0
12.466336707208146,72.25771494980327,0
12.68121859590028,73.2513257304314,0
12.896100484592417,67.63581314878891,0
13.111150118708984,73.41538510829169,0
12.466336707208146,71.15596565423554,0
11.606809152439592,73.75451166800647,0
13.111317864133417,70.03701079551817,0
12.251454818516011,67.35852647000435,0
12.466336707208146,70.72460771831533,0
12.036572929823878,58.766862460457354,0
11.606641407015168,57.292636679847305,0
12.251454818516011,72.68381910152956,0
11.821691041131725,99.65825057755686,0
12.036405184399445,76.70016528925619,0
14.18589505301854,93.02395907123179,0
19.989048011101694,101.57791645583853,0
22.353587513837354,70.78467494959236,0
23.857928480106754,92.39805607385478,0
23.857928480106754,98.98388818937295,0
24.288027748339882,82.30809917355371,0
24.932841159840727,67.81792712718956,0
24.717959271148583,65.79532455203511,0
24.71779152572416,67.56305495280665,0
25.362604937225004,75.46177412654684,0
25.14772304853286,66.00821344760737,0
25.362604937225004,66.35940573341703,0
25.79236871460928,64.87992187474202,0
24.932841159840727,66.6555329577482,0
25.79236871460928,72.75953535168753,0
25.57748682591714,72.34678782755705,0
25.57748682591714,69.71975673898751,0
25.792536460033705,70.32757037459231,0
26.007250603301415,67.11874045598003,0
26.43718212611012,64.06692840578543,0
25.79236871460928,67.74407844909726,0
26.222132491993563,68.63562573789847,0
26.867281394343255,65.81404958677686,0
26.652231760226684,68.42986605870618,0
26.222300237417986,65.2456825306355,0
26.652231760226684,67.72222222222223,0
25.57748682591715,70.98197814672909,0
25.79236871460928,67.28707649407829,0
26.007250603301415,66.98287262499568,0
25.577654571341572,75.39288428851862,0
26.222467982842417,68.01447059757461,0
25.79236871460928,73.66619732551209,0
25.79236871460928,71.90347392253543,0
24.932673414416303,57.141660458885156,0
24.71779152572416,75.55733085823704,0
25.79236871460928,96.41566183289112,0
26.222300237417986,67.14975532696738,0
24.932841159840727,87.28907785829833,0
26.43718212611012,78.67711918041216,0
26.652231760226684,71.1787508405522,0
25.362604937225004,73.64226262626262,0
26.00741834872585,72.67544881092932,0
26.86711364891883,76.96185638305275,0
26.652231760226684,81.21995797277285,0
26.222300237417986,74.58853146677237,0
26.652231760226684,67.96271943857079,0
26.652231760226684,64.06692840578543,0
27.512094805844097,67.13044208546088,0
26.43718212611012,65.68452380952382,0
26.437182126110127,70.85837409736781,0
26.86711364891883,68.9804733231988,0
26.652231760226684,63.45943075244092,0
26.652231760226684,58.06733468392048,0
26.652231760226684,65.1321035075693,0
26.86711364891882,68.58283629148734,0
27.297045171727532,63.19203021280061,0
27.297212917151953,62.26819030063428,0
26.86711364891882,59.98100423881674,0
26.86711364891882,54.09134303361171,0
27.512094805844097,83.05963859986944,0
27.08216328303539,82.86220310321525,0
26.86711364891883,79.62151758767081,0
26.652231760226684,79.64950968370349,0
27.29704517172754,69.77067002434316,0
26.652231760226684,69.29808732357208,0
26.43718212611012,67.0668569333892,0
27.29704517172754,64.17854355581983,0
26.652231760226684,69.3806099442899,0
27.29704517172754,68.6281965043431,0
27.29704517172754,68.55309446795772,0
26.86711364891882,72.50946745562129,0
26.867281394343255,70.23149158533772,0
27.08233102845982,69.59348505268315,0
27.297212917151953,72.33911725067384,0
26.867281394343255,71.05317324185248,0
27.941858583228377,69.9199750506783,0
27.726976694536244,71.76965172616812,0
27.726976694536244,70.7712125236155,0
26.867281394343255,70.2748161230304,0
27.297212917151953,70.89343202465339,0
27.726976694536244,66.0707769941672,0
27.297212917151953,68.28257292836436,0
27.08233102845982,69.44703740019611,0
27.512094805844097,66.41360870463271,0
27.297212917151953,70.47181436500136,0
26.652231760226684,75.0561011181332,0
27.512094805844097,73.11546840958607,0
27.297212917151953,73.82224785338973,0
27.297045171727532,71.78777393310264,0
27.297212917151953,71.1111111111111,0
26.652231760226684,72.1604938271605,0
27.297045171727532,72.30985064318398,0
26.867281394343255,70.48412827022452,0
25.792536460033705,73.96062963944166,0
26.222132491993563,72.33249281535745,0
26.437182126110127,72.2277526527754,0
27.08216328303539,73.77879440913627,0
26.867281394343255,70.60071321251692,0
26.652231760226684,67.06453974087744,0
27.511927060419673,68.11187331650852,0
26.652231760226684,66.47014034145514,0
26.652231760226684,53.85353442084744,0
26.86711364891883,43.97283950617284,0
26.43718212611012,64.26094276094275,0
26.437182126110127,68.6157808748526,0
26.222132491993563,56.20873737117147,0
26.222300237417986,84.97287325158103,0
19.34440234502528,102.28601880966545,0
17.40996211052275,78.8031462585034,0
18.054775522023593,74.72460245389557,0
18.484539299407878,68.87208265927896,0
18.484539299407878,74.5983369491661,0
17.839725887907022,68.7523387833788,0
19.129352710908716,71.36570323524799,0
19.129352710908716,71.2927658634193,0
18.914470822216582,65.54039932921182,0
18.269657410715727,65.43269510351098,0
17.839725887907033,67.68397745855054,0
16.980030587714054,65.08920345917244,0
16.98019833313848,65.79884239762475,0
17.839725887907022,66.97215533984847,0
18.054775522023593,66.64379595336675,0
17.839725887907022,68.50066379108124,0
17.839725887907022,71.71327018461706,0
18.48470704483229,74.14759307485618,0
16.550266810329767,71.07935362695909,0
17.19508022183062,71.45292290802502,0
16.765316444446334,68.52994838020649,0
17.19508022183061,62.461158192090394,0
17.62484399921489,64.8952582845935,0
17.40996211052275,68.23949492139073,0
17.19508022183061,69.04737129325586,0
17.409794365098325,56.438161123796164,0
16.98019833313848,64.49820963440041,0
16.120167542096635,87.4144991852739,0
15.905285653404498,82.1212996187486,0
15.690236019287932,71.97741669903745,0
16.12016754209664,69.45883669061206,0
16.550266810329767,67.22213102493504,0
16.3352171762132,61.418507743020896,0
16.33521717621321,66.24484126984126,0
15.905285653404498,74.08806122448979,0
15.905285653404498,69.49028195488722,0
15.475354130595797,68.70451715808886,0
14.830708464519374,70.90474178269491,0
14.61582657582724,67.37453230646463,0
16.120335287521065,65.58628785241848,0
14.830708464519374,68.0092865401554,0
14.18589505301854,63.640463584710744,0
13.111317864133417,76.90163352272727,0
25.57748682591714,76.52365419449791,0
21.278674834103377,59.92625077090011,0
26.222300237417986,86.8514927637965,0
27.0821632830354,85.99003721859114,0
24.28786000291546,55.5830618427069,0
22.138537879720786,73.75200760173755,0
19.98938350195055,62.03470394736842,0
19.559284233717417,62.29238227146814,0
16.33521717621321,95.90001065416578,0
15.260639987328085,83.06538413613148,0
14.830708464519374,66.25804779634234,0
17.62484399921489,64.96908819517445,0
20.63386142260254,105.07623023613775,0
33.31541550935169,80.23303714646156,0
32.67060209785084,74.59883480068818,0
30.09118070642304,94.94178123249574,0
21.063792945411244,83.30702479338842,0
19.344570090449704,96.32887555409545,0
18.914470822216582,66.01108445030634,0
18.69942118810001,64.46818105211375,0
17.839725887907022,65.29804653835106,0
16.550266810329767,67.47458836306714,0
16.98019833313848,66.08048796441653,0
16.550266810329767,71.83836996336996,0
16.980030587714044,69.15918902526045,0
16.550266810329767,70.44648861227992,0
15.905285653404498,73.92956246142828,0
15.690403764712364,80.32197109131512,0
15.260472241903653,82.26071210659948,0
15.905117907980074,79.41903306296747,0
15.47552187602022,73.14808433210712,0
15.04559035321152,69.62483903150807,0
15.260472241903662,59.708473625140286,0
14.61582657582724,54.81640553057929,0
15.045758098635941,76.37181479051856,0
14.61582657582724,95.99350441393722,0
13.971013164326395,83.08073758865248,0
14.615658830402818,80.13333333333333,0
13.971013164326395,74.08077607689569,0
13.325864261976703,69.46396785841428,0
13.111150118708984,68.57142857142857,0
13.541249386942118,68.29618689581096,0
14.186062798442963,67.03426150286268,0
13.325864261976703,64.03841445405867,0
14.400944687135096,65.11467061271716,0
16.550266810329774,67.23570614939807,0
16.765148699021903,65.55810924987242,0
17.19508022183061,57.79819497392004,0
17.40996211052275,60.1667437451036,0
16.3352171762132,59.59788217373528,0
15.475354130595797,71.92323738081367,0
15.905285653404498,89.37649721914086,0
15.260472241903653,98.38072631986495,0
16.12016754209664,89.05815480524507,0
16.3352171762132,89.04366632835531,0
16.980198333138468,76.37426900584795,0
16.550266810329767,67.36842105263158,0
16.980030587714044,67.70973486347447,0
16.3352171762132,67.2090807894593,0
16.550266810329767,65.63580726471872,0
16.12016754209664,69.76734794606601,0
16.120167542096635,72.38519045923815,0
15.69023601928794,71.34646572524821,0
16.33521717621321,70.81930415263749,0
15.690403764712364,71.25924356227387,0
15.690403764712364,65.92011576939805,0
15.260472241903653,63.515737266551355,0
16.120335287521065,66.75670602008068,0
14.61582657582724,70.51506513550208,0
15.905285653404498,70.16371638976253,0
15.475354130595797,69.19390730121249,0
14.400944687135096,72.69364134542705,0
13.971013164326404,73.41346801346802,0
14.830708464519374,70.02644628099173,0
14.61582657582724,73.56773553719007,0
15.260639987328085,61.37285371433907,0
14.40060919628626,65.65056907726228,0
13.971013164326395,71.58991891211726,0
14.400776941710673,70.16753751327147,0
14.18589505301853,72.85410934744269,0
13.971013164326395,72.94487460206537,0
14.18589505301854,72.0497680149197,0
13.54091389609327,70.61769729405503,0
13.971013164326395,68.6383009994121,0
13.755963530209836,71.77803474330909,0
13.541081641517685,77.26008050278935,0
13.325864261976703,77.29140635846176,0
14.185727307594107,73.67987104138709,0
13.325864261976703,74.12252004442188,0
13.326032007401126,66.85765956554391,0
13.11098237328457,69.52276443131561,0
13.54091389609327,70.3761013989716,0
13.54091389609327,68.55312452352524,0
13.111150118708993,75.51148946139509,0
12.896100484592434,92.90728285782282,0
13.32619975282555,85.43874842146566,0
12.466336707208146,76.27319252460362,0
12.466336707208146,66.87788727957886,0
12.68121859590028,69.00251023913331,0
12.68121859590028,70.84431889516635,0
12.68121859590028,67.26809527475328,0
12.036572929823878,74.1966547018963,0
11.391759518323024,76.23404844290658,0
11.606473661590744,74.59616080751827,0
11.391759518323024,77.55471691769768,0
11.176709884206456,69.21337809917355,0
11.60664140701516,62.04535585948632,0
11.606473661590744,65.94777074353448,0
11.82152329570731,65.04376133018849,0
11.391759518323024,68.19553943140093,0
10.316846838589054,62.582133699192,0
10.531896472705611,58.09385814702607,0
15.045758098635941,78.7993583054583,0
20.634029168026963,97.28604214483413,0
18.48453929940787,64.77993432641917,0
16.76514869902191,69.39483785410923,0
16.3352171762132,86.69577877361051,0
16.76498095359748,80.40908606921028,0
16.120335287521065,76.35244083528528,0
16.550099064905336,70.55899172178957,0
16.120335287521065,66.22301837056327,0
7.737928683434538,64.8617272668422,0
4.298644246389321,63.453200935455754,0
2.1493221231946604,93.43031753132121,0
1.504676457118239,89.45020741895189,0
1.9342724890780936,74.1566024679096,0
1.504340966269392,69.26437253434659,0
0.6446456660764125,62.2661608080669,0
1.2896268230016812,67.7535017681084,0
0.0,65.13001802152975,0
0.2148818886921344,69.58677685950414,0
7.522711303893538,105.07102272727272,0
6.233084480891857,107.88242098967514,0
16.33521717621321,90.51822195290859,0
16.550099064905343,94.2377659536354,0
16.120335287521065,69.60201378176501,0
17.19508022183062,82.40834200485605,0
18.05460777659917,74.7629536862805,0
17.839725887907022,64.28859617894861,0
17.62484399921489,73.76895562014822,0
17.40996211052275,89.39200920119397,0
18.484539299407878,77.87900254326655,0
18.269657410715737,80.36049450498689,0
17.62484399921489,78.1303435943866,0
19.55945197914185,77.24227805706079,0
19.12952045633314,72.96931007585466,0
18.699588933524435,70.7712125236155,0
19.34423459960085,71.16575018896447,0
19.774333867833985,75.33514521193092,0
18.699588933524446,73.7343852728468,0
19.559284233717417,72.1202690295199,0
18.914470822216582,73.37455170884621,0
19.55945197914184,70.16811302767499,0
19.55945197914185,71.14425362067483,0
18.269489665291314,76.53457159723393,0
17.839725887907022,78.40006247396917,0
19.129520456333147,77.95746813827571,0
18.48453929940787,75.86330402278391,0
19.129520456333147,77.62262268258618,0
19.344570090449704,75.13942307692307,0
19.774333867833985,75.50954142011835,0
20.20409764521826,77.80036776791584,0
21.063792945411244,83.49479166666667,0
23.42816470272248,79.59722222222223,0
26.22246798284241,80.52244126733301,0
29.231485406230057,84.61125875573218,0
32.67043435242642,87.51822846340805,0
33.745179286735954,82.8689093784962,0
34.175110809544655,78.20240148835276,0
34.81992422104551,71.57626131630587,0
35.67961952123848,60.67316335810175,0
35.6796195212385,86.07299264976689,0
36.324432932739334,76.58964239709084,0
35.24985574385421,76.04530815783104,0
34.81992422104551,74.48104977375564,0
33.745179286735954,73.95623042116254,0
33.74501154131154,75.10485555168813,0
33.74501154131154,73.8485198000769,0
33.74501154131152,74.85973752882869,0
33.31524776392725,72.45278218123809,0
33.74501154131152,71.50084237585128,0
33.31524776392725,71.21424802566096,0
32.455552463734286,71.27763605442178,0
32.02578868635,66.19010207899098,0
32.02562094092557,70.38310710176538,0
32.24067057504214,71.58165636428363,0
31.595689418116862,69.88309861532193,0
31.595689418116873,69.6805415016445,0
31.810739052233437,70.8620984039045,0
31.165757895308168,75.26051095993954,0
30.950876006616024,78.01546385312619,0
32.240838320466565,76.66062204840614,0
32.4557202091587,71.58386479591837,0
31.380639784000305,75.96702974028486,0
31.595689418116873,63.354292263626974,0
30.73599411792389,75.71585801302247,0
31.595857163541297,72.51678507563675,0
30.736161863348308,64.73689692008418,0
30.735994117923884,63.525653158151435,0
30.521112229231747,83.06738260999037,0
29.876298817730913,69.77447948876521,0
29.876298817730905,69.5957705396208,0
30.735994117923884,73.81955230427812,0
30.950876006616024,72.21233596097386,0
30.73582637249947,71.25709755469941,0
31.810571306809013,76.09970184463924,0
31.165757895308168,85.29385685025326,0
31.165757895308168,82.8935442684006,0
31.38080752942473,80.53825724808641,0
31.595689418116873,74.63486073162296,0
32.455552463734286,76.85751930285458,0
31.595689418116873,73.92544773011244,0
31.81073905223343,74.06096563011455,0
32.45555246373427,80.14484868075417,0
32.67043435242642,72.64613838209905,0
32.45555246373428,60.65710331359642,0
28.156740471920518,69.85578113615817,0
31.38080752942474,68.7953365983279,0
20.63386142260254,91.67741721101726,0
18.699588933524446,76.43031477789032,0
18.69942118810001,70.98786061224766,0
19.989048011101694,72.97854341246733,0
22.568301657105067,64.12834050920893,0
19.129352710908705,80.87567816420759,0
8.382406604086519,68.33784928790337,0
5.158507292006734,60.00969954912935,0
3.438948946196351,58.562129737274454,0
5.373389180698878,67.30460257866112,0
15.04559035321152,89.11823589854524,0
13.541081641517694,75.71460467124504,0
39.97843151305225,97.24754791316124,0
42.98728119101547,89.72776547241804,0
37.61389201031659,69.90199591064705,0
38.04382353312529,96.2146904054752,0
38.903854324167135,52.26481951273379,0
30.091180706423046,56.32123034948104,0
33.53012965261939,75.83733792069386,0
35.24985574385421,67.64860016681729,0
33.53029739804382,79.4110304903415,0
34.17527855496909,104.05292904392341,0
38.04382353312529,84.3054520996632,0
40.193145656319956,65.68752710516438,0
40.838126813245225,70.26674208946591,0
40.62324492455309,73.52613436567188,0
43.84714423663288,80.51851851851852,0
39.33345035612698,66.17948717948718,0
47.501142816945816,61.183162440305296,0
39.11873621285929,88.63143680306466,0
36.9694140896646,65.68373456926882,0
36.7541967101236,58.351014838205586,0
37.39917786704887,64.56044353570306,0
37.39917786704889,66.71268277177367,0
41.483107970170515,65.46376221181416,0
40.40836303586095,87.1648273372848,0
41.268058336053926,107.34230312623663,0
308.23188189541514,97.7218067476842,0
118.43045033661409,65.58947996212167,0
93.92754069958207,66.61582588711161,0
471.7876966028028,80.11257661717198,0
485.5434923875881,90.65269241847906,1
471.357765079994,73.87118268004696,1
476.5162723720007,97.51326097919596,1
472.8622737916879,60.083543955544016,1
464.90979871041,71.22698560732812,1
469.63820673418354,88.46213532322162,1
454.3777344922799,66.80721060349,1
456.7421062495912,75.17224610472269,1
460.61098671859617,83.12077980183676,1
458.2466149612849,86.77569140190361,1
455.02271564920517,67.38269896193772,1
452.01336273496867,98.66880515478358,1
450.72373591196697,63.63575132305776,1
445.78044599950124,58.841657945358335,1
449.6493264685063,90.38027868237064,1
447.92976812269586,74.7221995476225,1
445.13546484257597,101.43542117263095,1
451.58359895758434,84.79156428086986,1
452.4432942577774,86.40264650962368,1
454.8076660150886,54.66779661016949,1
456.0972928380903,62.47216317150243,1
453.9478029694711,97.7276862597955,1
449.4342768343897,97.2047148025877,1
447.929768122696,79.69717261904762,1
444.49065143107515,61.11159951159951,1
438.04251731606666,69.11009879543533,1
436.75272274764063,61.25703884727544,1
435.67831330417994,78.45040707115885,1
433.52882343556075,91.81295950229034,1
433.5286556901365,81.81276750535685,1
444.70570106519165,90.24175973189466,1
451.15366743477574,89.04336734693877,1
442.3413293078806,73.74260559807102,1
437.18265427044923,99.1357691060426,1
440.4068890733779,90.99029952003887,1
443.6309561308822,76.93148103997099,1
440.6217709620701,98.0608267263268,1
436.53800860437286,67.28961591849325,1
438.6874984729921,91.13604118570362,1
439.1172622503762,58.65295635743905,1
431.5943832010583,50.3281477059459,1
422.35194580592986,69.00967845511674,1
425.1462490860499,82.13497137828676,1
424.50143567454904,88.40960927571552,1
417.40848814803974,54.5582542894153,1
416.3339109591546,57.59184923648078,1
412.03526671276524,66.71520729163663,1
412.24998085603306,91.17171608587894,1
415.68892980222944,102.58866213151927,1
411.1754036671479,73.97776671644267,1
405.15703332952364,93.37899666894455,1
402.1478481607116,77.76760834325111,1
401.07343871725107,82.57331175360117,1
411.1752359217234,77.7,1
407.30635545271844,96.71614862185208,1
399.3538803714405,68.68406635835731,1
394.4100872227015,60.08466330825079,1
391.4010697993139,67.82562502664979,1
393.1206281451242,87.31590004422821,1
388.60659877376963,99.34697070977151,1
386.2423947618826,101.03097709084514,1
383.01849544980286,63.33645793336367,1
384.5228364160723,69.97682178074545,1
378.2897519351805,84.92931138345594,1
376.1402620665613,59.76243002608527,1
372.27154934298073,86.94061882817643,1
376.35531170067804,106.17645701555476,1
378.289919680605,103.80698005698007,1
387.747071219001,94.54208904790302,1
381.72870088137677,86.0236764617511,1
376.35531170067804,66.74902906030843,1
377.4300566349874,66.01413300216718,1
376.3554794461023,76.03032813340505,1
375.49561640048495,102.68903325004804,1
372.27138159755634,80.57895485412794,1
366.46822863947307,74.65467000780751,1
361.09483945877435,84.67576186853026,1
358.08565428996224,81.91805944693962,1
354.21677382095726,83.5503918748011,1
351.42263828626164,82.8578817213288,1
348.62833500614175,80.56823109555053,1
347.7686397059487,67.56177144407908,1
346.90911215118024,80.38907362149462,1
345.18955380536977,75.81527083013657,1
343.8997592369437,66.32355977663457,1
350.56277524064427,58.47210466169543,1
355.93616442134316,65.081210541388,1
349.9181295745679,89.44690581343957,1
348.1985712287575,81.0336082820395,1
379.36449686949,92.24103901779968,1
396.5595770913206,85.65816048064188,1
389.2515799306949,81.447834668762,1
375.49561640048495,79.01229646482363,1
364.9635521823549,91.5467385976144,1
357.44084087846136,73.96057152034831,1
352.92697925253105,56.714077018723025,1
352.7122651092633,78.66134425375068,1
352.92714699795556,101.67042306343157,1
351.8524020636458,89.99934253780408,1
348.1985712287575,61.249538202911644,1
350.56294298606855,58.25101827919122,1
363.6740931047777,93.24824856747901,1
374.42087146617536,104.05198104035003,1
367.97290509659143,86.92493717423679,1
359.1603992242718,56.57483025556803,1
356.3659281987274,76.29283450777817,1
354.21677382095726,89.76529370816942,1
348.84321689483386,84.61770841992833,1
346.26429873967925,108.12688381137579,1
351.63735242952924,98.58585858585857,1
352.49721547514673,109.16223174745342,1
346.6938947716391,67.04849570971129,1
348.6285027515661,57.76884578281519,1
345.83436721687065,67.413714700213,1
343.89959149151923,100.15938606847698,1
343.2551135708673,110.32410287081339,1
344.75962228256105,100.47538088642659,1
342.8250143026341,101.74133299756568,1
339.8159968792464,71.85852303810779,1
346.6938947716391,69.53305490315545,1
371.6267359314799,65.45644462737525,1
370.9819225199791,59.7375669258777,1
363.45904347066113,94.08475394239261,1
359.37528111296393,95.56031280176188,1
357.44084087846136,49.81841095262645,1
355.2915187552666,59.90634296282268,1
354.00172418684053,89.73523491947995,1
352.49738322057107,93.49110023021697,1
359.1602314788474,73.3400010836678,1
358.9451818447307,87.58069046758101,1
362.1694166476595,69.90432752382725,1
380.6539559470673,79.24525556559955,1
382.3735142928776,70.29112174375332,1
373.99093994336675,68.33972970704272,1
368.61738301724336,71.85439510846916,1
365.1787695618958,78.85566865921876,1
362.5993481704681,62.04397754924122,1
359.8053803811969,76.49198659870737,1
362.38446628177604,75.73659070687393,1
361.09467171334984,90.92021213545368,1
362.1694166476595,83.08522286577687,1
361.95453475896727,74.91853389773567,1
357.22579124434486,77.74365377212479,1
354.64687308919025,77.5673624059072,1
354.4316557096493,97.95783710714936,1
353.5719604094564,73.05380527192014,1
350.56277524064427,65.83973498696531,1
352.49704772972234,53.21491352388908,1
354.861587232458,82.57366689750693,1
352.2821658410301,73.25636549918414,1
349.4880303063347,56.07048043136443,1
346.694230262488,66.06722281369386,1
345.4046034394863,76.17716182910704,1
343.25494582544286,61.52230936623499,1
341.96548674786567,70.77616301641883,1
346.9089444057558,81.43270638785236,1
341.7506048591734,75.20171634978595,1
344.5445726484445,67.31016429244599,1
346.69406251706357,88.70553940309671,1
343.8997592369437,82.15970526206516,1
344.544740393869,111.64852225098619,1
349.0582665289504,77.76389665920716,1
346.69406251706357,99.41362958226767,1
346.69406251706357,101.73794580127978,1
346.47918062837147,78.8495338546142,1
343.89992698236813,62.87065122377622,1
337.8815566447439,97.31314308021041,1
341.5353874796324,92.95047137674175,1
348.1985712287575,97.72947567438021,1
350.13301146325995,75.04778971210885,1
347.12382629444784,62.581460062428924,1
346.69389477163924,71.85462284750822,1
329.0693862632731,76.78022534256098,1
338.52653780166924,60.758301906920735,1
335.5173526328571,67.15722162989515,1
334.22772580985543,76.15404631354805,1
331.8635217979687,75.96902958579881,1
323.48094744845764,78.53906118932643,1
326.49013261726975,64.56338401086802,1
327.9946413289636,59.29151543804437,1
322.62108440284027,65.53860028504522,1
329.71419967477397,92.45489036562373,1
331.43359027515993,85.66798847619424,1
330.78877686365905,86.14810556550553,1
329.2841004065408,86.57118269752401,1
327.77959169484706,95.21195954919364,1
327.7797594402714,77.38026239907728,1
327.77959169484706,67.27948113207547,1
324.77040652603495,70.57256749920367,1
322.19132062545594,70.66220549848124,1
321.331625325263,69.03651047984599,1
356.7960274669606,68.6594998953756,1
403.43747498371323,65.96754652102732,1
398.9239488486318,63.639706865494894,1
383.6631411158794,80.53166906614945,1
379.36449686949,48.85201214906991,1
387.3171396961922,63.09262444384723,1
399.998526037517,88.97508958165368,1
418.9129968597336,99.88381542699724,1
422.3521135513543,90.50990191887527,1
399.78364414882475,80.64894038119463,1
403.8674065065221,101.21183117118248,1
401.2881528605187,83.77302934366041,1
383.23337733849513,85.45175932906655,1
388.1770027418096,91.01177226390514,1
411.8200493332243,66.73685187042423,1
410.10049098741405,66.95982877147037,1
400.2135756716335,89.69853170685667,1
396.3445274572041,100.80147013494155,1
404.08245614063856,90.38350751417137,1
417.40848814803974,101.04071504314395,1
408.5959822757201,85.80544838549991,1
395.26978252289445,71.8377777753837,1
395.6997140457032,75.04697501739068,1
394.1952053340095,94.53165729778131,1
392.9054107655834,108.83221267700932,1
389.6815114535035,108.6958546504001,1
392.6906966223156,99.69591929121128,1
392.26076509950684,89.55034225932158,1
386.0275128731905,90.29249905970254,1
385.1678175729976,96.15197983663334,1
384.95293568430543,94.11549789083573,1
406.4466601525255,98.40525793650795,1
418.9129968597336,81.55100734642747,1
415.04411639072845,61.88306761942062,1
411.39028555583997,67.48535195567447,1
402.3628977948281,52.42206486263749,1
404.9421514408316,54.85547319476116,1
421.2773686170448,82.49343389343426,1
425.36113097474197,76.65681312834576,1
421.49225050573693,59.42825547405178,1
432.02414697844256,70.00028616560977,1
435.24838178137117,109.15310480147738,1
428.58536577767063,100.02873563218391,1
432.8841777694844,75.57867617915181,1
432.024314723867,80.27784248230805,1
440.62160321664567,53.59212918530323,1
454.3777344922799,53.99150913673597,1
452.01353048039306,56.652920681227,1
440.1916716938369,74.82949772288957,1
437.8276354273745,89.79934011941745,1
435.4634314154877,95.00989587703184,1
439.1172622503762,80.29741792415561,1
437.18265427044923,88.55555149169356,1
429.87499260067244,65.0492927484805,1
442.12627967376386,61.40800943368815,1
443.2010246080735,76.00365183021137,1
440.8366528507622,89.0176381446359,1
438.90221261625965,87.52904798872802,1
435.4634314154877,84.34377805819118,1
431.37933356694174,85.42012378721981,1
433.95875495836935,72.60761051355416,1
433.09889191275215,74.19091450429602,1
435.24838178137117,79.12003951521577,1
431.1644516782495,91.6385363245289,1
431.16461942367397,92.80816665851631,1
439.3321441390685,76.75588165680473,1
448.3595319000801,84.64662389603258,1
484.6836293419707,78.60797477359048,1
494.14094862579117,90.55550972341375,1
481.0297985070822,79.8392873677929,1
477.80573144957805,75.15980667060212,1
474.36678250338167,101.22036784238489,1
461.47068201878926,84.3428118923189,1
452.4432942577774,50.74634207628396,1
449.2193949456975,63.19005898297378,1
458.67671422951815,71.01583631095077,1
457.38691966109195,64.6688897037307,1
451.798648591701,62.216086146706246,1
447.2847869657707,63.593516238350574,1
444.0608876536908,66.27567502907965,1
447.49983659988726,68.4651239645973,1
460.39610482990406,70.19200956170653,1
457.38691966109195,68.14298293697644,1
450.50902176869937,59.39668367346938,1
445.13546484257597,51.250566893424036,1
442.12627967376386,88.66810966810965,1
441.91156553049626,60.8188972736522,1
442.3413293078806,61.070798061486876,1
494.35616600533217,74.68584374669052,1
561.4165930559953,79.88723509627323,1
563.7809648133067,94.42801878731288,1
535.6240565959616,91.84281688537189,1
512.84070530474,106.84319362654401,1
502.0937591979179,94.2799552172632,1
502.5236907207265,98.34062961483389,1
514.560095905126,87.95081097135152,1
538.4180243852328,100.04326530612245,1
534.5494794070764,83.77669328601006,1
519.5037213084406,65.33819973092186,1
522.2980245885607,99.1133728757624,1
514.1301643823172,95.12252620994175,1
530.6805989380715,77.486706002331,1
553.0340187064844,75.17038517038517,1
550.8846965832898,59.458480913026364,1
533.0448029499582,74.37853031422875,1
561.631642690112,89.1386588162317,1
613.8611935308314,75.36379133879544,1
591.9377052852271,70.32229632434559,1
574.5279109201289,95.0888101136122,1
571.9486572741255,70.24513461589206,1
566.1451688251935,56.707093296280554,1
559.697034710185,76.2499742891206,1
554.1089313862184,103.39142896781712,1
565.0704238908838,66.45421795404299,1
569.7991674055064,53.50978892418823,1
564.8557097476162,69.73393133066261,1
561.8463568333798,68.49449309778018,1
573.0232344630107,78.73213924034823,1
589.1435697505316,96.7437685872511,1
587.6388932934134,93.98999998092873,1
605.2639050380527,60.18473457916298,1
603.1144151694336,72.150980869741,1
595.5915361201157,101.6247716398434,1
618.8048189341459,74.85974671781108,1
600.1401210489025,52.06144801763656,1
587.6855265214044,54.64290485811547,1
588.7599359648651,54.780204330260446,1
591.7691211336771,70.43493372897964,1
592.413934545178,92.99600588773521,1
598.2172552486855,95.51972389834917,1
603.1607129065757,77.01683107292155,1
648.2974839662103,72.40084738411154,1
642.4943310081271,86.04950135208222,1
627.0188091321068,89.69339815633148,1
607.2444752642729,90.19389914765802,1
585.3209870186687,80.93950947845934,1
580.3773616153542,111.47146552892664,1
573.0695322001526,83.0062195220917,1
573.4994637229615,66.42447614838647,1
573.7141778662291,84.750437115533,1
569.2006517311476,99.17011816664795,1
561.8926545705218,78.50587060742919,1
558.8836371471342,68.56985205120539,1
560.8182451270612,57.30027449288157,1
556.9491969126316,87.8327438926359,1
555.6595700896298,104.6187381852552,1
556.3043835011308,80.79166666666666,1
555.4446882009378,90.50040950040949,1
557.8087244674002,106.8322734499205,1
555.4445204555134,76.35701206132055,1
557.5938425787081,81.84917394660016,1
589.1898674876737,102.05868007229066,1
615.6270496137838,78.48222402597403,1
634.3266385473083,58.48603188323736,1
622.7199971402931,79.35232957182058,1
602.0861357176907,91.9918271173394,1
597.3573922030682,74.23386551292504,1
610.8986415900102,60.921082250053075,1
628.0935540664165,65.5076686349844,1
623.3648105517941,88.62369123317991,1
644.2138893539376,77.37586354399072,1
711.4893660387173,103.07347814421654,1
714.7134330962216,73.48352750453655,1
717.5074008854925,71.15633186305396,1
689.5655423022642,70.48926115859449,1
662.2684971305368,61.00840090583681,1
656.465176427029,75.01997041420118,1
645.0734169087062,93.04423076923078,1
635.1865015929257,70.23463746356971,1
627.0188091321069,64.47770507775712,1
620.1409112397142,93.43324276175217,1
617.991421371095,85.70758057930574,1
614.3377582816311,60.40761293110777,1
615.1972858363996,90.99551201515098,1
650.8767376122137,87.74456626832193,1
659.2594797071491,106.96840050346839,1
658.8295481843403,95.00548582981015,1
673.6600889034352,78.26080264047832,1
673.0152754919345,60.809349794238685,1
666.1373775995417,92.9717545828657,1
654.3158543038344,91.32741413279184,1
652.8110101012917,70.25421958959296,1
670.8661211141642,68.70326144940512,1
689.3506604135721,92.5933254188102,1
694.07923618277,71.37281203975148,1
670.8661211141642,78.88863110583446,1
658.6144985502239,76.12499595828669,1
651.3066691350224,80.72563434052438,1
644.8583672745896,107.05904907038675,1
642.0643994853183,98.2920288248337,1
636.4761284159275,85.92239488783558,1
632.1771486786893,66.96556258298222,1
627.4487406549155,77.07644943375647,1
625.9440641977975,64.5435360407565,1
622.2902333629089,53.80957061539949,1
619.7109797169055,58.64911125740619,1
616.2720307707093,79.22637096774194,1
613.2628456018971,82.6825,1
623.1499286631018,73.11989436619719,1
674.5199519490527,64.34999579534772,1
708.2651312357887,84.24486681365158,1
719.442176610844,102.20885960808772,1
700.5273702977785,69.15933528836754,1
668.2866997227363,78.52490357122296,1
650.0170423120205,81.03589856401612,1
637.7655874935045,61.50868055555556,1
630.4577580783033,77.9486111111111,1
628.5234855892251,68.54183006535946,1
626.5890453547227,71.41153658139157,1
622.0751837287922,74.25268632882515,1
619.7109797169055,101.18834344572302,1
613.9078267588224,84.85783433585472,1
613.4778952360136,93.25028022572666,1
612.6180321903962,98.75001292423502,1
604.4505074750018,59.043534044745265,1
595.8528834913744,58.33071148029134,1
590.2646124219833,80.50981143032926,1
586.8254957303625,79.03574879227052,1
589.1898674876736,76.13715277777777,1
590.6943761993675,74.30310040338449,1
591.5542392449851,88.43767057466846,1
590.2644446765588,89.28727159468438,1
588.9749855989816,63.583426339285715,1
594.7781385570648,55.21689164001868,1
644.2138893539376,55.421776394857034,1
685.6966618332591,67.49417232356285,1
659.6892434845333,104.19576916588835,1
639.485145839315,86.45114911302392,1
624.8693192634878,104.12868373311832,1
621.6450844605592,74.52565262957317,1
621.8603018401002,103.00875227144758,1
621.2151529377505,87.38120442814053,1
619.0661663054046,68.72099815330338,1
617.1318938163266,88.17264505424805,1
613.0481314586293,101.41167134255508,1
619.7109797169055,88.9903339113423,1
628.7383674779173,65.22160864345739,1
627.4487406549156,96.29830991220018,1
636.0461968931187,90.40558145150786,1
633.6818251358076,55.51918044077135,1
625.9440641977974,64.57777777777778,1
619.0661663054046,70.98784552650898,1
619.4960978282134,90.24050733881295,1
612.1884361584364,55.60222730851423,1
609.1790832441998,62.236317945069246,1
621.6455876968324,88.7458565680401,1
634.3266385473083,93.67257665944226,1
644.2138893539376,97.25652356902357,1
665.4925641880409,107.88952020202021,1
646.1481618430156,74.8622495446266,1
651.7364329124067,69.47674028847095,1
658.8297159297648,65.31325840982966,1
649.802328168753,84.84486914600552,1
658.1845670274151,92.62366226978597,1
669.1465627683538,73.54470799371578,1
661.6235159736113,77.00381324404762,1
651.9514825465233,108.68005952380952,1
645.0735846541305,88.01668572171866,1
642.7092128968193,99.95548571015036,1
641.204536439701,106.91153808885264,1
635.4013834816178,85.37591317434604,1
628.3086037005329,65.25223162462679,1
628.953417112034,63.93791991400161,1
638.8405001732386,68.98333333333332,1
635.4012157361934,97.28886936423507,1
637.7657552389289,78.76674107142856,1
639.4854813301639,77.14487110633726,1
639.4854813301639,92.96102988824933,1
633.4669432471154,77.02325081335776,1
627.6637902890321,81.11003306648102,1
645.718230320207,80.20352483531217,1
662.0534474964203,62.82714981417403,1
656.8951079498378,85.2923435575626,1
642.4943310081271,63.596211733260056,1
634.3266385473083,73.3083342830254,1
626.5890453547227,93.08467045578449,1
625.7293500545297,60.995741569768924,1
637.5507056048125,70.9749786464991,1
643.7839578311288,80.36889108042953,1
640.3448411395079,63.73320475533208,1
637.1207740820037,81.6605821096268,1
635.61626537031,85.26880242884701,1
632.8221298356146,67.16794348938492,1
631.1024037443797,71.29949662624871,1
629.3831808894182,70.33814137360531,1
623.3649782972184,76.0208191528853,1
625.0845366430289,106.15833545533424,1
633.4667755016908,99.6625744047619,1
634.971451958809,64.98469387755101,1
630.887689601112,82.17006802721087,1
628.5234855892251,74.16524216524216,1
633.2517258675745,83.7406468175699,1
640.1299592508159,80.64613923588283,1
645.0734169087062,99.7166105499439,1
675.1645976151291,77.56382876382877,1
696.4436079400814,76.46414046479836,1
675.5945291379378,90.56480643948032,1
660.1193427527664,73.04824091154,1
650.4469738348294,90.39917607784645,1
648.727415489019,79.83800766583997,1
651.5215510237146,67.45833499420641,1
657.7548032500306,86.70269585292044,1
653.8859227810257,105.47261718625356,1
646.3630437317078,99.45714285714286,1
658.6146662956481,90.88467748788986,1
686.1265933560678,72.0192690858616,1
736.851803230518,98.9964209039548,1
732.1232274613199,69.30139761746136,1
719.0120773426107,83.6080119767118,1
701.8169971207802,97.91591217745587,1
693.0048267393094,81.22940891472868,1
674.9500512172858,82.67549634549525,1
666.567141376926,79.28697836319766,1
665.0624649198077,54.84444444444444,1
662.4833790192289,49.24342105263158,1
660.1191750073419,79.5,1
659.2593119617247,80.43879495117885,1
662.2684971305368,57.23696286412549,1
684.622084644374,52.70431434605928,1
693.0048267393094,64.8429003262747,1
681.3980175868699,67.45808071239105,1
675.3798149946701,73.47903489083859,1
678.8187639408665,83.98173964497042,1
682.2577128870629,98.19311242603551,1
685.0518484217583,83.01755424063117,1
680.3234403979847,77.11172839506173,1
676.0244606607465,73.72971781305114,1
682.902694043988,65.16185403090165,1
704.6111326554757,51.89100605123772,1
708.4801808699052,54.785264416241546,1
719.2267914858786,77.62579519021706,1
715.5729606509901,59.489642251843925,1
698.5930978087005,76.26911223727265,1
689.1356107794554,92.53728788693823,1
682.6876444098714,82.61492768595042,1
675.8095787720544,95.39856283422459,1
675.8095787720544,71.48625296340786,1
669.1465627683538,77.84252735614305,1
668.716631245545,82.63375389612546,1
668.2868674681608,66.93400974721153,1
664.84775077654,77.38320681466253,1
661.623683719036,55.1992323786722,1
662.0534474964201,56.06774291806275,1
670.8659533687397,67.71856469333491,1
671.9405305576248,76.47617362423506,1
667.6418863112356,91.9429038648258,1
669.5763265457382,82.76016177391237,1
669.5763265457381,95.93393152050086,1
665.9223279654253,66.59468296849462,1
664.84775077654,88.83591976642595,1
662.4833790192289,82.39434937218554,1
669.5763265457381,101.52026649980125,1
671.7256486689328,111.1769531912488,1
677.3140874837483,70.61657277662567,1
713.4236385277953,62.58520628890999,1
741.5803789997159,62.76514851746333,1
732.5531589841285,71.77372402890695,1
713.8537377960286,90.74547337343293,1
704.6113004009002,81.6026215320692,1
718.5823135652266,78.39360981987772,1
729.1140422925079,71.42724858538458,1
724.1704168891932,103.80254654122223,1
717.9373324083014,102.09772186900929,1
709.1248265359816,82.02707382193609,1
710.4144533589832,75.71274616309172,1
714.0684519392961,77.82321851325757,1
713.4236385277953,70.75371900826445,1
709.1249942814061,65.51478748524204,1
704.3962507667836,63.494844064386314,1
701.1721837092792,60.85135397155722,1
693.4344227712693,78.41844168503528,1
697.7332347630831,83.99616870251947,1
722.8811255570403,95.19827618122079,1
725.4602114576194,75.34529485750221,1
722.0210947659986,79.27887831232313,1
713.2087566391034,68.54391304347826,1
705.2561138124009,75.27461538461539,1
702.0318790094724,63.377464387464386,1
699.2379112202012,76.74074074074075,1
699.4527931088934,77.87484993997599,1
696.0136764172726,76.43241975312696,1
693.0048267393094,82.43927706558756,1
685.4816121991425,87.61729605389272,1
697.30313549485,79.84615384615384,1
707.4054359355957,75.0,1
706.975504412787,73.54619081523674,1
702.6766924209732,108.5056959772161,1
700.3123206636619,113.19760633808761,1
705.9007594784774,97.45434459328825,1
756.4112552096597,92.18112683320439,1
778.1198615665719,88.49057185940089,1
760.7098994560491,67.77794439624611,1
747.1689855599558,92.28942593379386,1
748.458444637533,69.37704267974539,1
749.1032580490339,58.092517006802716,1
738.1412623080951,65.37882543198158,1
723.5256034776921,53.238656762183,1
713.2087566391034,62.1342097599534,1
707.83519971298,75.31973689986557,1
705.0412319237089,72.9210820451843,1
703.7512696098584,108.5454211875743,1
698.5930978087003,86.8840702570922,1
698.5930978087005,78.49621246416177,1
702.6766924209732,62.03372274044651,1
713.2087566391032,52.52687323943662,1
712.1341794502181,64.65336454407193,1
711.9191298161016,81.64672975834873,1
709.5549258042147,68.0667546170712,1
716.4328236966074,75.04621395296499,1
777.0449488868379,87.04955063489386,1
790.8010801624721,77.09528400892037,1
775.1106763977598,77.66768388106416,1
761.3548806129743,65.06988797126718,1
756.410919718811,95.39104394500397,1
748.243562748841,82.46719191811371,1
739.4310568765212,84.96179516982085,1
732.7680408728207,82.17843810614957,1
731.4784140498191,71.55626671121136,1
725.0302799348106,96.83922038833762,1
741.1506152223316,82.36797288782167,1
764.363898036362,75.00098293469148,1
771.6717274515634,82.83110857178566,1
761.9996940244753,72.65133723621773,1
752.1126109632704,69.7188360638373,0
159.4836267839759,59.778678082427604,1
45.5668703278677,72.52448070686496,1
96.07703056820115,100.02274636726433,0
94.57252185650734,82.47532894736841,1
193.2289738161363,89.32448577063963,1
62.97666469296602,58.40318131600091,1
946.1021773529941,69.9804318289225,0
928.863921817683,85.69046711672473,0
916.043481724734,87.18358806078074,0
896.5762746899907,72.31632081788325,0
932.9862336181105,81.2983349187312,0
906.3827216169813,68.23725498265483,0
922.9856386386424,100.40578798364264,0
1022.8765545755326,109.71200360473716,0
1023.0,102.54983839854472,0
999.1635903158945,80.29451513513717,0
880.4366000745727,57.34621665576849,0
924.296403222445,68.71145168156661,0
915.0725141227067,63.83475393384232,0
912.3053360258032,55.824559507080316,0
909.8294936774358,66.40501883701884,0
922.7428777931655,93.62314486442409,0
903.0815227059448,65.5510655346315,0
896.8189597555873,71.6612249134948,0
904.586435342225,78.383593318809,0
909.6838826380779,108.81054940494717,0
918.4222879368024,98.05021768707483,0
897.4500924858992,87.09105882352941,0
863.1276798011917,63.49520289399182,0
877.1575667784266,66.1840630272527,0
878.1285343804539,58.665188464349455,0
877.206141681486,64.82831581889207,0
876.8663068097707,69.87441790092795,0
874.8759103724767,59.017323157089315,0
874.9729843987154,52.59296607930113,0
875.1671703411329,51.880302101856174,0
874.6817244300593,57.541045044883276,0
873.8079824140307,59.65740079719355,0
872.9826637413016,50.766760024844814,0
871.1863774665453,48.447366534695654,0
869.1474440161323,49.75929879833014,0
867.3511577413759,52.375638874800046,0
864.6325545475318,54.68783656779672,0
862.5936210971186,55.62940410374064,0
860.2148527749902,55.25173726670039,0
857.641898510444,52.95737626322379,0
855.0688684660179,49.58592154626183,0
852.3988022852932,54.60261678200692,0
850.3113318217606,52.6242214532872,0
848.5156517860441,51.19333333333333,0
846.201713151228,49.64266666666667,0
843.4831099573838,50.22783928571429,0
840.7645825434196,53.815446428571434,0
838.3371635383517,51.53142857142856,0
835.8613211899842,51.333333333333336,0
832.8999571506632,52.97731481481482,0
829.064775315434,60.07237071977639,0
823.6275310378055,68.94027873184282,0
819.2583283884433,58.954162074467334,0
815.860093341108,50.28588198523897,0
811.8793004665204,53.136280950451,0
808.1897296706491,55.74498461175095,0
804.6458078040758,52.24382635407104,0
801.0048119112638,48.78095461868958,0
797.655075987108,51.767384744756626,0
794.2568030498329,59.140894940261774,0
791.1013667379143,58.91579870444841,0
787.800129936938,54.0650126644188,0
784.304782973424,55.734525805647976,0
780.8094360099102,62.17842676215762,0
777.556812001933,57.72270411966618,0
774.1585011747178,50.61755736423715,0
771.9060958024355,49.286806767979655,0
768.7505458206972,53.50599927143527,0
765.6436086319582,57.926057028570725,0
763.3133773229489,54.51605632860006,0
761.7113148805499,65.56134388175211,0
768.7991586136965,96.1604291972971,0
765.6435707420181,79.63584667793245,0
751.2738110031275,80.16901233435823,0
765.3523107733619,54.64012457184064,0
776.9063932921695,66.14261197916667,0
761.4200170219539,78.28982569590336,0
760.0607154250317,56.47058823529413,0
763.0221173542928,82.30860726643598,0
744.719950194174,115.33748968978837,0
745.1083978588889,86.23891377899082,0
736.078694701568,87.54710519135772,0
736.612677625761,60.189198164472884,0
709.6693307529162,73.09538598047915,0
708.9411239963657,79.61066519735525,0
706.2710578156409,64.85310906162246,0
714.6696282426502,55.27825604015344,0
689.524083242161,62.591377746839896,0
675.1542098334506,58.448382177002,0
654.9588339320969,69.26920684970321,0
650.9779652776296,91.25521603035538,0
664.1826851418953,99.03675742224058,0
667.920792950886,103.84151204226251,0
671.2704909851019,108.05392323067724,0
677.9213879303541,93.16032655219453,0
686.3199204674235,88.96733825559599,0
692.6795574440196,80.18731806471041,0
694.0388969308815,90.95314314408563,0
687.7277969674049,69.88829327019296,0
685.83447455635,45.97328087861651,0
684.6693589018452,54.27055406282123,0
681.950755708001,75.6447297295745,0
688.0190948260012,80.55419616826322,0
692.7767072501382,66.85579923931829,0
691.660090718813,67.21482944372312,0
690.4464759411289,100.15123262485449,0
688.310392684597,94.03399690001625,0
674.3774660637808,92.41716791151651,0
686.4656072866616,78.04043799852917,0
656.6093954976752,60.09889962688905,0
653.2596974634594,96.60017970250146,0
654.9588339320969,78.46846998849145,0
652.7742515523857,84.2643229703802,0
653.4538834058767,68.41038139889187,0
648.8905327040368,38.01861941949282,0
646.9486732798624,38.687490814840544,0
644.7640909001514,46.897164568484776,0
657.2890652411063,64.76607195984683,0
659.1823876521612,96.53951426789757,0
633.3555815307619,65.98498508560212,0
660.6280025323666,75.56443328626808,0
656.889932613316,51.921392552970076,0
645.7242219793432,54.05353955978584,0
639.510271821985,74.95474498262313,0
633.7331926726413,76.33423944476576,0
623.9267836355906,57.634361792054094,0
619.1206341983341,59.633429010892954,0
615.0427294075678,58.8485752992145,0
611.304659488517,54.465409226235394,0
608.2462214229573,56.00073046018993,0
605.5761552422325,58.10405850777701,0
602.8090150352691,74.95467039656032,0
606.7898457997966,93.75002155672735,0
610.5764527319666,90.43596071518509,0
573.8266589321312,69.1307338425258,0
582.9048991025716,67.37587662889175,0
599.8476509959481,77.71817182792941,0
597.3231958545815,88.9798846675898,0
594.3619075951403,50.49052355038468,0
591.4976554719981,50.41291099969813,0
588.5848284457965,52.74135307823871,0
586.1089103175493,44.12814268730982,0
583.1961590712277,47.03800930126627,0
580.6232426966214,57.630021714026824,0
572.5159322382684,73.82495260941874,0
557.757686944723,95.05321557971016,0
558.7771915598696,62.784684973569654,0
556.6897210963372,54.124340223545175,0
554.2623399812093,46.04835531209271,0
551.4952376641857,52.13616987397555,0
548.8251335935208,53.48474316163019,0
547.0507477040752,50.12261636636636,0
545.3733600609885,49.72702702702703,0
543.1402406681578,56.16576808850102,0
540.7613965661493,67.74167635974956,0
540.5186736106125,68.29839583688756,0
539.3535200661678,75.34389854255195,0
538.6739261026167,83.18240254455854,0
531.2462474977548,64.69944135595676,0
525.1294092565754,56.22529030515797,0
519.0610322486355,55.040415107441845,0
514.1093096619607,55.152887620076385,0
509.691569999479,52.3902817857781,0
505.516553292534,55.47492093385433,0
501.1473127532317,53.796222292343536,0
497.7976147190158,48.812342136992086,0
494.9819374989329,50.01839370274246,0
491.7293134909558,55.716414987263256,0
488.62233841227675,53.88027288353912,0
485.27256459818085,49.12309498921077,0
482.40835036497873,48.06847518863377,0
479.7382841842539,55.25393611927899,0
476.5827720924555,55.75719820587939,0
473.281611071359,50.40508178380228,0
471.4428501738808,47.91905065058758,0
469.5070531401039,47.96833748351676,0
466.83698695937903,54.5304236234496,0
464.0212718493562,53.4954812612556,0
461.3997805716907,51.21573962362425,0
459.0209743596222,50.88531855955679,0
456.5936311344341,52.89656027941708,0
453.92360284364935,54.70886846034993,0
451.4962596184613,52.15490083667595,0
449.1660283094521,51.402607344633395,0
446.6416110580253,57.818366677120224,0
444.4569907883742,55.2069974145012,0
442.0781845763056,59.24893480095918,0
439.845065183475,51.56854877398803,0
437.56337088758505,56.98512790005949,0
435.2331395785758,62.44038765310118,0
432.7572593402684,54.551614441724325,0
430.37845312819974,49.52176029099106,0
428.1938328585486,53.08116625299442,0
426.10636239501616,57.947843402388855,0
423.7275940728875,49.5520759257023,0
421.5915108163557,47.56550920734516,0
419.6496892821213,51.04029903023526,0
417.02816011451586,56.80803152561456,0
414.9406138711034,57.79211956521739,0
412.75603149139215,53.55513547574039,0
410.42576229244287,51.465217050699096,0
408.5809768945072,56.64693450206964,0
406.3478575016767,64.70992013034055,0
404.2118121350849,48.93798281712512,0
402.2699148209704,50.98930897843384,0
401.0563379332264,58.43547097576309,0
399.16297763223145,88.65616900581936,0
399.06586571605277,90.9561757459876,0
402.1728786846717,77.9650540616064,0
395.1003045973387,85.6110128130253,0
391.18324260180407,81.04072336029542,0
386.81407784238166,67.62297946037918,0
384.14401166165686,98.00826027791862,0
381.1341106092166,74.99021986903995,0
378.0271355305376,46.629378863703266,0
375.45414337605143,45.141056756713084,0
372.4928172266705,46.33183993246537,0
370.0654740014826,47.758515054618606,0
367.8808916217713,51.612676056338024,0
365.55066031276215,53.42710323294193,0
363.36604004311096,51.67838460460725,0
361.0358087341016,49.949675020044694,0
358.85118846445044,50.20006145784477,0
356.8122550140373,51.99935436963399,0
354.4334866919086,51.084874341244856,0
352.29740343537685,49.402854237525865,0
350.161358068785,54.50828865697752,0
366.7643129803861,75.46554571576962,0
373.6579328811752,101.50575515980269,0
356.5209571554411,70.41929624100351,0
352.7828872363904,55.14903057812012,0
349.5788002415327,55.361857208448114,0
347.4427548749409,47.44009492606574,0
345.84073032248193,45.058435757224444,0
344.48142872555985,45.02253407964528,0
342.83079138010163,48.67912341407151,0
341.2773796206422,57.164765300059415,0
340.11218818625747,74.54660238751148,0
338.41305171761996,96.53032379133747,0
336.85963995816036,56.22959100537722,0
335.40318855511964,52.54244273051687,0
333.80112611272074,53.40587084148727,0
332.3447125996199,52.60273972602739,0
330.69415103404174,54.571914307240306,0
329.09212648158285,56.18041370858778,0
327.44152702606465,55.30269502065886,0
325.7909654604863,59.78974498972583,0
324.43166386356427,61.78860774580156,0
322.2470435939131,52.286171365449704,0
321.8281703073912,58.62889650421156,0
321.70059487946537,57.097709113597126,0
320.0014584108278,55.64803212379232,0
318.44797087148834,66.18757913896803,0
317.0401322614469,52.05732272357749,0
315.24388387663055,46.975415742960436,0
313.4962103948736,48.06949763837556,0
311.74853691311665,57.0414201183432,0
310.583421258612,60.35212383770076,0
309.4182677141673,47.12604359925788,0
308.0589661172453,51.929302784094546,0
307.28222234757555,63.44276675499555,0
309.85521450206164,64.08353151010701,0
316.31192550489646,61.10796045785639,0
332.86634340337827,60.35036439701223,0
312.86507766456197,80.7663659912741,0
307.0880364051581,68.60890036369015,0
306.8452755596813,82.40246163731898,0
304.95199103856623,92.30571639508517,0
304.7578429860888,95.59092083626967,0
302.087738915424,109.00353311384353,0
300.3400654336671,75.87915379852042,0
298.5438549387908,55.764740799366834,0
296.8932554832726,70.83041053149203,0
298.1554830539559,60.06980516212104,0
298.25259497013457,50.965285976832256,0
296.941754606452,63.736352040816314,0
303.1072056406306,96.9433707826565,0
301.5051810881717,84.61135617397514,0
300.8255871246207,53.33809162371706,0
300.63136329226325,71.14605687904636,0
298.64092896502956,81.0016418814453,0
298.00983412465786,56.32280117631152,0
298.20398217713523,89.44272513003358,0
297.5243503236443,57.30939422098323,0
298.00979623471784,57.927752161237734,0
295.8252138550066,44.85338379929351,0
294.5630620642032,73.24644170798018,0
292.4755158207907,99.3664784432884,0
292.13568094907527,91.31874671429863,0
291.7959218572397,63.89491624059525,0
291.5531231218229,78.21601760223899,0
291.45601120564424,92.00183766950917,0
288.7374459017401,112.04223072097778,0
287.47525622099664,101.9619425087943,0
285.6789699462404,88.34365080805152,0
285.53332101694235,78.94603457620713,0
286.79554858762566,57.422037284356676,0
310.3406604131352,64.156462585034,0
305.0005280516856,66.73455194298286,0
295.4368419701717,59.962425337498715,0
285.9216929017773,59.76243002608527,0
282.03797405342846,68.16015367092331,0
278.34844114749706,66.83300706384348,0
275.1929669456386,59.410705455039874,0
273.5909045032398,57.82552899927019,0
267.134155610465,92.04990214550031,0
262.32804406314835,94.73694862740676,0
260.6774446076301,61.34119304542983,0
258.1530652461434,54.0022624662949,0
256.0655568926709,89.9074074074074,0
254.8518663351069,105.40905337737055,0
253.49256473818483,76.11124093563552,0
252.18183804432203,67.70805232816952,0
251.0652215129968,65.11444225290379,0
264.0757554348453,87.10155450807342,0
264.8039243014557,67.69470849129657,0
265.9690399559602,67.05354540604469,0
266.1632637883178,56.0083389784582,0
266.0176148590196,56.41047477113051,0
266.26033781455646,63.33931351685621,0
265.9205029428409,68.02668941702626,0
265.6292429741849,65.44303255893551,0
265.48359404488673,53.79170081835837,0
265.14375917317113,59.98277867040683,0
264.99814813381306,59.34466820080789,0
264.6097383590382,58.61362356914994,0
264.3184783903821,60.70088376323221,0
264.3184405004421,55.69896993903721,0
265.04664725699246,58.81313554545288,0
265.33790722564873,63.71320421682697,0
265.3379072256487,58.31969978996145,0
264.9495732307538,53.44962567477241,0
264.4155524166208,58.28908970089476,0
262.6679168248038,80.57065901168667,0
267.57106450841917,94.89024733860487,0
274.6103333385064,68.06839704207475,0
276.01820983848773,95.07486026084642,0
274.51329720220764,74.43742203742204,0
269.80425968112974,56.81578458064945,0
270.48389153462074,79.54394809094575,0
261.3571143510611,82.46723520111925,0
263.1533627358774,71.75198800519613,0
260.14342379349716,78.55462408571123,0
259.5123289531254,55.880097509405644,0
258.784122196575,60.759112911763985,0
259.36671791376733,54.460366560199716,0
259.8036268117216,51.676528599605525,0
259.9492757410197,53.00355149670219,0
263.39604780147425,65.87045550898995,0
264.3184783903821,92.20564764331183,0
263.63877075701106,93.3566554091772,0
266.9885445711069,65.92970000252141,0
261.9397100682534,56.88581314878893,0
262.91067767028056,76.60175687354739,0
262.81352786416187,104.53120493369757,0
262.32808195308826,90.02184179456906,0
261.79409902889535,58.91417340973882,0
262.6193040318044,79.59641369932864,0
263.44462270453363,107.66196903292169,0
262.9106018904007,92.128133580705,0
262.2795070500289,92.90885294609697,0
261.45422626723985,62.248172062135794,0
261.1143913955243,49.6152104607517,0
260.0463876571984,48.5759368836292,0
256.25970494514837,48.21251295158915,0
258.63847326727694,48.24994125687331,0
258.3472132986209,48.29806410489059,0
257.95887930372595,58.370588475639615,0
257.4733955027124,54.95072042988793,0
256.8423006623406,75.74509747458748,0
256.93937468857945,102.44380288700846,0
259.65797788242355,77.32637944066516,0
259.2210689844693,78.23187658901944,0
257.9103044006666,81.66734006734006,0
256.98791170169875,56.332667902490996,0
256.25970494514837,42.75046665435556,0
255.5800730916573,43.446516743572346,0
255.04605227752435,47.91420541000272,0
254.1236974684965,50.52631578947369,0
253.34695369882672,48.716448562422386,0
252.4245988897989,46.70049691569713,0
250.96814748675808,57.0740437983416,0
249.4631969605379,75.40259136106162,0
248.88060124334564,65.11569172439697,0
239.74211606833097,102.68433754528108,0
239.34207408198108,91.34422959742699,0
234.77864760026122,76.94549356814524,0
235.7010402992291,49.88777812875631,0
231.38041255292606,54.095601282870106,0
228.61323445602255,42.45465537981734,0
232.59406522055005,49.65349253731343,0
233.3708089902198,54.53384361773224,0
232.01150739329776,49.46175753320057,0
230.7978547256737,50.391511126195496,0
230.26383391154076,61.5354441010481,0
233.22516006092175,74.1409777890194,0
234.68157357402254,70.28971099027846,0
234.05047873365078,54.254356496175575,0
233.273734963981,51.34809375118255,0
232.69117713672875,51.217138993277416,0
232.10854352959646,59.52707814117965,0
232.64260223366944,60.300282719843864,0
224.43821774907758,77.32195077679596,0
216.81639109173813,64.3620446893174,0
216.33094518066446,72.62209273007423,0
217.10768895033428,67.07994358987752,0
216.81639109173807,59.53686223886719,0
216.28240816754516,52.9099357620428,0
215.6027763140541,63.167031048125274,0
214.72888273826567,62.731004426808624,0
214.34051085343074,46.773823790620284,0
213.41811815446286,49.74143263193409,0
212.54430035855444,54.52574126401754,0
211.71898168582527,53.745331347545076,0
210.94227580609552,52.83026390745101,0
209.92277119094896,53.56776433859787,0
209.2431393374579,58.23114973347582,0
208.2722096253708,60.526808212360876,0
207.495427965761,53.84225900681597,0
206.81579611226996,50.491908348021155,0
205.84486640018278,53.81295926036875,0
204.92247370121495,55.66525507493482,0
204.04865590530642,54.537448962581905,0
203.46606018811414,45.80024262090784,0
202.59220450226562,48.62837246171104,0
201.62131268011848,55.45013850415513,0
200.79603189732933,56.78395286174724,0
200.06782514077895,52.62079944349314,0
199.24250646804984,52.036078656013274,0
198.5143376014394,51.54611188742787,0
197.786092954949,55.025141515115024,0
196.86373814592122,55.44501126446902,0
196.08695648631144,53.22933011616361,0
195.31028849652165,51.730482423218874,0
194.4363949207332,56.18666666666667,0
193.7568009571821,56.00929054054054,0
192.83433247833432,49.496686526969825,0
191.91197766930648,49.079673426607,0
191.18380880269606,55.008863292348046,0
190.26137821378822,52.69739446000111,0
189.48463444411846,54.00937080893435,0
197.5919449024716,59.66702322949731,0
197.73755594182967,60.129789817576366,0
198.61144951761813,64.28400149903682,0
198.27161464590262,72.47126832950639,0
194.5820438500313,87.35639592184737,0
193.3198162793479,69.65163035202107,0
190.01869314819143,96.11394290552113,0
183.51344513223722,83.61247440152532,0
178.8044076111593,89.62163729128015,0
180.45496917673754,99.3727453102453,0
183.12507324740233,86.70220725776281,0
181.1346389201686,102.98744949071747,0
178.85294462427868,104.79070984162897,0
178.3674608232651,102.68983018989518,0
166.74972320528445,66.33420300270275,0
166.00639836268056,79.96839608203246,0
165.47241543848756,88.0165477977978,0
172.1718872867992,61.62616316163718,0
168.67646454340533,56.983838105527234,0
165.71510050408435,82.79436358762865,0
162.80234925776273,76.86458602126618,0
161.8799565587949,99.05534284719805,0
160.95760174976706,101.60482204780234,0
160.0837839538586,108.7645998394822,0
159.45265122354692,73.91456130643019,0
158.6273325508178,73.55924918998902,0
157.65640283873063,76.6402760837044,0
157.1224199145377,69.51096488740144,0
155.76308042767556,77.96103932054105,0
154.84072561864772,95.5502258953168,0
154.063943959038,57.80017982858892,0
152.85025340147396,57.05839947089947,0
156.0058033832124,54.46420722135008,0
156.73401013976283,79.58613090206497,0
156.05434039633175,89.82465960612814,0
155.32613363978137,100.4203069657615,0
154.54942776005163,79.63729382163825,0
153.62703506108377,53.81461446680292,0
152.85025340147396,74.46703451557094,0
152.0249726186849,102.24433274301248,0
151.24826673895512,96.26959363455528,0
150.61713400864343,58.98071833648393,0
149.74327832279496,52.19847441307186,0
148.96657244306522,53.91341770384595,0
148.28690269963414,95.35730858162235,0
147.6558078592625,78.40994669665997,0
146.5392292178772,67.62037752457331,0
148.28690269963414,67.50907390402341,0
150.56855910558411,79.02042872059457,0
149.7918532258543,68.12344743941982,0
149.40348134101944,92.00126234499146,0
147.8985308147993,69.8,0
148.38397672587294,96.05964338040462,0
147.07321214207016,96.70219850599565,0
145.76244755826747,74.81186648068235,0
145.17988973101515,65.6878552381419,0
144.7429808330609,83.55130389831984,0
154.40374094081358,96.02825350989434,0
148.4811265319916,85.20847625191567,0
144.9857037885977,76.41629881844122,0
146.92760110271212,73.7852808514047,0
146.68487814717525,95.47361492673993,0
145.76248544820746,105.85166574355765,0
144.5002578775241,87.53890014428097,0
143.4322541391982,58.5610656295576,0
142.12145166545545,54.25694117647059,0
141.15052195336824,80.46136101499424,0
143.48075326237756,96.75469521882005,0
141.44181981196442,78.69463413055439,0
139.88833227262495,87.70583246974067,0
144.45168297446477,87.62906223034804,0
138.48049366258346,61.130662016883306,0
133.62584510214748,61.90771433565297,0
129.35375436896385,66.94953471358907,0
125.95544354174866,67.77425203029377,0
130.95574103148272,97.43991671121402,0
133.57727019908813,89.53225878766139,0
133.286010230432,86.68059376859013,0
132.65491539006027,58.363583039268185,0
132.16939369910673,45.0965496541179,0
131.9266707435699,48.863932395214086,0
131.4412248324963,52.654433580723854,0
130.76155508906524,52.15506530659121,0
130.22753427493234,50.254343993956184,0
129.64501433762,57.54853201881144,0
129.69355135073934,67.83314698645597,0
128.91676969112962,44.35765696025579,0
128.47989868311535,49.02706495250902,0
127.99437699216178,52.006862592216436,0
127.55750598414751,57.6833294673164,0
127.26620812555132,61.56776733333891,0
126.9749481568952,76.73280648541234,0
123.4310641802619,87.40096014940087,0
132.26650561528544,68.65746381834978,0
134.40258887181722,69.13632352275343,0
130.4217202173498,89.17342217075489,0
120.80953501265645,67.91124215808527,0
120.7609979995371,81.2791342114069,0
120.22697718540418,49.54535383457369,0
119.49873253891377,54.85204081632653,0
118.81910068542274,65.74149659863944,0
118.33365477434911,90.67713365539453,0
117.84817097333554,59.68119620694033,0
117.21707613296385,62.808399255151784,0
116.53740638953282,67.80171936770259,0
116.1975715178173,69.56350913521564,0
115.51790177438629,75.3183539561352,0
115.03241797337269,82.47638724911451,0
114.54700995223905,49.16432166603048,0
114.11006316434487,49.90806433376675,0
113.6731542663906,51.452740535549395,0
112.89644838666082,64.91377603868423,0
112.55657562500532,65.91993373700154,0
112.07112971393173,51.185809561980534,0
111.68275782909683,48.249668237770564,0
111.10016211190454,48.07004927651427,0
110.6632911038903,48.782301279443516,0
110.17780730287669,55.52590555522126,0
109.74086051498246,52.363708914412946,0
109.3039895069682,47.71433308146443,0
108.72139378977589,48.755071013285864,0
108.13883596252354,53.84816874237572,0
107.60477725845064,59.73410335016674,0
107.70188917462936,76.01327512637846,0
106.9251075150196,104.02453670058398,0
111.92544289469365,103.69207396424181,0
103.91528224245926,96.71068036143902,0
102.70159168489526,57.65651530939897,0
105.95421569287237,70.13425605536332,0
106.39112459082664,102.84959476960788,0
109.88647155434055,72.71463040383405,0
103.0414265566108,69.78151444340497,0
108.47867083423908,85.04605432341802,0
104.59491409595029,64.8508400292184,0
101.68212495968874,72.70261436684166,0
99.44892978697818,90.56733351235232,0
106.48823650700537,94.94235588972431,0
99.2548196244407,84.4579435185588,0
99.01205877896392,64.90492232281004,0
98.81787283654648,79.4804309024254,0
98.76933582342711,89.13136103583258,0
98.47803796483097,97.86470128821955,0
108.13883596252359,92.04873280759753,0
99.54607959309686,61.21106790917824,0
104.30365412729414,63.87964349823791,0
102.79870360107398,74.47562002925866,0
97.63775276580822,74.78632935134995,0
99.87091004857876,92.87541072443669,0
98.75425562731353,101.06116795219158,0
97.6862897789276,59.58730114291045,0
97.34645490721208,54.53609877856951,0
97.00662003549654,50.0050735667174,0
95.89004139411128,53.45419284856189,0
94.09383089923497,61.14207550246577,0
94.72492573960665,59.06172587954772,0
102.34679028688612,74.01526488412426,0
106.66741803318915,67.78046262007894,0
98.70575650413416,76.67948557591073,0
100.89037677378533,75.29846032050276,0
98.41445864553799,63.132337058795684,0
100.25924404347367,62.82447717206897,0
97.0551949385559,75.01835619783813,0
90.35576098018426,92.94816395946134,0
96.27845116888616,76.54222104996413,0
100.01652108793687,53.40483067756362,0
95.79300525781254,67.96502483078896,0
89.53048019739514,78.76612574894932,0
97.00665792543653,87.11594570228368,0
101.76423245963382,71.6288228045804,0
104.19153779488181,86.72127255460589,0
104.09446376864308,54.02038933288934,0
103.99738974240434,49.92658540953997,0
104.3371488342399,49.04953459212453,0
104.72559649895473,47.1757711303087,0
104.96828156455157,51.637203607515445,0
104.87120753831285,57.060794497122814,0
104.77413351207412,59.049003926130595,0
104.62852247271603,56.76582637594228,0
104.4343365302986,59.63854176593317,0
90.69563374183976,65.566539791527,0
86.95745015296906,54.183477563064194,0
85.84090940152377,71.14678184731201,0
85.01562861873467,75.39430587049635,0
84.23888484906489,51.66202617379673,0
83.85051296423,39.80208120791675,0
83.21938023391836,44.636048898099816,0
82.63686029660602,51.44737536749672,0
82.00572756629437,50.097154090912674,0
81.5688186683401,47.66712391403749,0
81.2289837966246,48.45530379114484,0
80.98629873102779,50.50817222550177,0
80.69492509255164,55.77792318375727,0
80.93772382796843,63.457704843654795,0
80.69492509255164,62.272680534806454,0
80.50077704007421,86.96574148496705,0
80.35516600071612,103.71646477843355,0
79.7725702835238,72.7931312449146,0
79.43281119168827,65.13652883144249,0
79.14147544315213,55.19490330872854,0
78.80167846137658,48.45210299489229,0
78.5589555058398,55.2002511091081,0
78.26765764724364,55.50278074705852,0
77.9278606654681,98.57987370905094,0
77.58798790381262,77.0930757643231,0
77.19965390891771,51.07988205066239,0
76.85978114726221,54.308686521998894,0
76.3743352361886,54.52738982661669,0
76.0344624745331,50.60025933853052,0
75.7432403958169,51.379816410861864,0
75.16064467862462,57.32910799632353,0
74.77227279378974,57.673487025363684,0
74.52951194831296,54.974357102934235,0
74.04406603723935,52.15506530659121,0
73.70423116552381,54.07031749414021,0
73.31589717062893,56.876158020251665,0
73.02456142209279,52.55037040880539,0
72.68480233025726,51.682125654807805,0
72.19928063930368,51.459218854592066,0
71.90805856058749,56.58458554278811,0
71.61672281205135,57.70058802863332,0
71.37399985651457,60.44878482459151,0
70.93709095856033,57.63186451835839,0
70.64579309996415,60.12741401095136,0
70.20888420200993,67.6946863906339,0
69.82051231717504,57.46510399288177,0
69.57782725157821,52.682383155356135,0
69.09230556062464,62.498405594862255,0
68.6553966626704,61.06086889534161,0
68.46117283031298,49.28093059304115,0
67.97580269911931,47.85139318885449,0
67.58739292434447,53.25940699014656,0
67.1990589294496,58.765327909860275,0
67.00483509709215,56.06791671172145,0
66.61646321225727,53.81883455996778,0
66.27662834054176,56.504182655968364,0
65.8882564557069,68.60871312941161,0
65.49988457087198,58.05892120928135,0
65.16004969915647,68.99754050603178,0
64.72314080120223,61.5341476705113,0
64.48041784566543,65.87735154455933,0
64.77167781432159,58.960001456203784,0
64.52895485878479,58.97103436607941,0
63.99493404465182,62.8757808247212,0
63.65509917293633,49.93698237284797,0
63.36383920428017,47.30629956245555,0
63.16965326186275,48.23906318792518,0
62.73274436390847,49.36671404224681,0
62.4899835184317,48.830669090409344,0
62.15014864671618,48.962162220940485,0
61.810313775000665,53.46212900611049,0
61.61608994264323,57.23192481468173,0
61.130681921509606,56.47936413703728,0
60.9364580891522,60.01176381147886,0
60.64519812049602,63.978416109608425,0
60.402513054899195,52.7976578442143,0
60.06260240330372,57.37582263584278,0
59.77138032458753,52.31892772874916,0
59.43150756293204,50.16486486486487,0
59.14024759427587,60.92999854982168,0
58.89756252867905,63.95120876042975,0
58.55768976702355,50.613705492932546,0
58.21789278524803,53.249065018830535,0
57.926594926651866,47.62650397555157,0
57.68383408117507,48.670885517654135,0
57.29550008628018,52.96656694403446,0
57.1498511569821,55.78290969185379,0
56.712942259027855,51.579036205586966,0
56.27599547113363,48.20730946242573,0
55.83912446311939,51.77389079541281,0
55.54782660452324,54.998968940346664,0
55.45067679840452,46.315347307580225,0
55.25652874592707,47.27813983170249,0
54.965268777270914,48.31148854350265,0
54.81958195803287,50.30595666455348,0
54.33417393689923,55.808719281663514,0
53.94572627218437,64.02063176027114,0
53.60596718034883,88.00875045284386,0
53.654504193468206,65.16111547979308,0
54.77108283485347,73.53020974642597,0
55.11091770656899,69.38579054120373,0
54.819619847972824,52.72730583279592,0
54.52832198937668,82.01841066648439,0
54.47978497625729,84.91943704420827,0
54.139987994481785,77.44394377649019,0
52.10097876418869,93.80097843019736,0
52.00394262788996,98.07609658973644,0
51.90683071171126,96.1340367575691,0
49.96489550765688,76.45314592806945,0
48.89685387939097,58.142372881355925,0
48.265796928959276,58.44456735057983,0
48.12014799966117,59.61427899440757,0
49.13965261480774,72.64589038596753,0
48.26579692895926,59.78719241745138,0
47.974536960303084,48.23727080137336,0
47.586165075468216,44.794715546140054,0
47.29486721687205,42.58764299186753,0
46.80942130579846,51.69213178806005,0
46.76088429267909,61.98313333163665,0
46.469586434082935,82.8680637834481,0
46.42104942096358,70.86037817327308,0
45.98414052300934,53.07649064628883,0
45.5471937351151,49.89876044135329,0
45.25589587651895,48.37009302190905,0
44.86752399168407,48.47942610435952,0
44.52772700990856,60.587923532964396,0
44.38207808061048,58.37609774112207,0
44.042243208894966,47.186432443101594,0
43.993668305835605,66.13666993704344,0
43.94513129271625,99.59637188208617,0
43.2654994392252,69.91015600656434,0
43.2654994392252,86.03629009038345,0
42.974239470569024,67.97806024301751,0
42.78009141809157,51.91819019991455,0
42.53733057261478,58.62814182528308,0
42.29456972713799,46.006078026423324,0
42.24603271401863,49.782050532877115,0
42.19749570089926,49.201845827838014,0
41.56643875046756,50.2513572518789,0
40.983805143335275,53.35816592746802,0
40.54693413532103,51.37714846037731,0
40.49839712220168,49.36877295666948,0
40.54693413532103,51.960574696014994,0
40.35274819290359,56.893177333802655,0
40.15856225048615,55.50447622178392,0
40.10994945748681,50.407407407407405,0
39.77019036565127,49.81232876712329,0
39.576042313173815,54.26646181272283,0
39.67311633941253,63.73283173533404,0
39.041983609100875,79.19097611944707,0
38.26520194949113,58.01153604759163,0
37.779718148477535,41.103698517548935,0
37.53703308288071,43.26537851056435,0
37.100086294986475,49.45790304121162,0
36.905938242509045,49.31634337039742,0
36.3718795384361,46.09558046765369,0
35.88643362736248,45.79454985291659,0
35.69220979500506,50.8056689269531,0
35.012577941514024,51.84706819841955,0
34.72128008291787,50.648217608554575,0
34.72128008291787,55.123404733794345,0
34.381520991082326,56.15640051280361,0
34.23583417184425,53.552159342257085,0
33.847462287009385,71.53766560689499,0
35.30387580011017,83.5009881095291,0
38.8962967898628,87.38689819373593,0
39.28470656463767,79.13384010988769,0
46.66381026644037,96.25834320222404,0
45.11028483716086,84.88131779093194,0
36.323342525316725,79.52395868112804,0
38.507924905027934,85.54943784623791,0
36.90590035256905,70.74914877501469,0
39.624541436353184,83.31805432987258,0
40.207061373665525,76.2833160578605,0
40.44986010908229,91.19613908452993,0
40.401285206022955,100.68580746852908,0
40.255636276724886,104.84472341568205,0
40.207099263605514,99.39877833110916,0
40.49839712220168,53.4803829075311,0
40.255636276724886,53.250626955398445,0
40.30417328984424,57.746702987386044,0
40.10994945748681,55.20062794348509,0
40.158524360546174,52.34786458962283,0
40.207061373665525,81.60334267621718,0
40.06141244436745,89.58813029846925,0
39.96433841812872,49.894652690909794,0
39.96433841812873,58.478944748892914,0
39.96433841812872,50.08210848074922,0
39.77019036565127,52.132923789173795,0
39.81872737877061,50.346831708329255,0
39.77019036565127,44.557471987913885,0
39.478892507055114,48.13246910835447,0
39.57600442323384,59.90164478647955,0
39.2846686746977,49.76642932489452,0
39.2846686746977,48.28487139458349,0
39.28470656463767,45.07338845762497,0
39.236131661578334,46.73283812786401,0
39.430355493935764,53.00463673709613,0
39.09052062222023,58.13365026820205,0
38.993446595981496,55.901338568708326,0
39.041983609100875,47.6902927462533,0
38.89637256974278,59.52199762187872,0
38.847797666683434,51.44338029522334,0
37.53703308288071,56.091582491582486,0
38.84779766668342,71.9181512090603,0
38.556499808087274,61.660181647139915,0
38.60503682120664,53.18091484573607,0
38.0709781171337,53.104207785577586,0
38.07101600707369,47.80961432725564,0
37.973904090894976,50.60833231970769,0
37.779718148477535,55.314651869498405,0
37.73118113535816,55.036431043005436,0
37.58557009600008,52.18526315789474,0
37.39142204352263,50.794844182825486,0
37.24573522428456,54.95152354570637,0
37.100086294986475,57.42337185480148,0
37.00297437880777,52.45381792153996,0
36.76028931321097,52.59211512812621,0
36.85736333944969,59.98988152269636,0
36.51749057779418,67.71152623600176,0
36.6146024939729,58.43460743801653,0
36.46891567473484,41.89910714285714,0
36.42041655155546,44.807371011784994,0
36.27476762225739,50.44744658426751,0
36.177693596018656,51.69887197092684,0
35.983545543541204,47.77328385894204,0
35.74074680812442,48.35640210102211,0
35.74074680812442,55.66024650812926,0
35.74074680812442,52.957006019793894,0
35.59509787882634,48.75763578574057,0
35.6436727818857,47.139750409849775,0
35.400949826348906,55.11777832168504,0
34.527132030440406,78.23133009471316,0
32.293974747669864,89.33344175923025,0
31.420119061821385,95.44195877267977,0
33.45905251223452,68.33729686880697,0
34.72128008291787,57.622661116177156,0
34.769817096037244,49.20623181182372,0
34.67274306979851,48.74356053386575,0
34.624206056679135,42.56215361053138,0
34.284371184963625,45.19940323207502,0
34.23579628190427,46.265060240963855,0
33.99307332636747,47.01959278321154,0
33.94453631324811,48.47529817301845,0
33.361978485995806,49.942851038829254,0
32.87657046486217,64.18542357725025,0
32.827995561802815,54.19601527870416,0
33.070718517339614,53.9555710990463,0
32.77945854868345,54.98920408011317,0
30.59487616897226,59.522677468623414,0
29.623946456885054,88.53231471364148,0
26.516933488266037,92.18729538348437,0
25.20616890446333,98.56875490774091,0
22.730250776215993,90.87405168779716,0
25.400354846880752,102.37838558311617,0
26.031449687252444,99.52136893494553,0
24.914946825747144,113.98421878784785,0
24.041015360018708,80.48312447034965,0
23.50703243582572,90.7893876109465,0
22.924436718633427,77.50754952348842,0
22.14773083890365,65.6592311832335,0
30.05035984146376,80.33939781891893,0
28.93378120007848,104.0850753380594,0
28.351223372826173,84.66835564114358,0
27.817202558693218,83.39080521914647,0
27.477367686977683,70.94232988982395,0
26.9919217759041,69.13273374528887,0
26.50647586483048,97.21529354291789,0
25.923918037578176,51.229199540912425,0
25.535508262803305,58.694675608417725,0
24.855876409312252,56.327193946246254,0
24.564616440656085,51.12695552705821,0
24.2247057890606,79.81405310397307,0
24.030557736583148,80.89519899253024,0
23.933483710344422,55.206778425655976,0
23.593686728568898,53.434821428571425,0
23.447962019390843,80.44848856209151,0
23.302350980032756,87.67308659163862,0
22.962591888197206,50.177514792899416,0
22.525607210362995,50.35406885876215,0
22.234385131646814,48.832232835796376,0
22.234385131646814,54.709120988034115,0
22.040161299289394,95.55436844231095,0
21.748863440693228,70.6001356303338,0
21.457641361977057,55.061925289047004,0
21.4090664589177,51.83835351339022,0
21.11776860032155,70.79725650228625,0
20.92358265790411,82.05468639887245,0
20.875045644784752,62.75297544422714,0
20.48671164988985,56.15757050067886,0
20.4381367468305,85.0337564137186,0
20.292525707472407,109.7142857142857,0
20.04976486199563,89.5312044833068,0
19.855578919578186,59.233540537655855,0
19.612818074101387,55.53859558379864,0
19.37009511856459,61.919780171841055,0
19.224484079206494,103.7497145800271,0
19.12741005296778,71.28095894607844,0
18.933224110550334,57.162656374767096,0
18.738962388252926,49.3681660899654,0
18.59335134889484,49.67513593672763,0
18.30209138023866,54.475314367669185,0
18.156480340880577,54.820760232133665,0
17.962218618583176,55.537116285797076,0
17.71953355298635,49.92918453441746,0
17.670996539866998,54.473803067607136,0
17.476848487389525,51.49514815933335,0
17.476810597449546,55.650887573964496,0
17.331161668151474,71.9225543478261,0
16.991288906495974,72.011392684251,0
16.214583026766203,100.10231041883455,0
16.360194066124293,59.29200947557385,0
16.020397084348758,53.73590879873032,0
15.874672375170714,59.10848392912104,0
15.486376270215802,54.07228327228327,0
15.292190327798359,49.46223349300273,0
15.146503508560313,48.38294254723505,0
14.80670652678477,56.440579474089176,0
14.758169513665402,54.43148197858276,0
14.515484448068582,51.977318456191696,0
14.466909545009226,52.77216201410535,0
14.27264782271184,55.012393525445916,0
14.175573796473106,62.30886426592798,0
14.029962757115005,49.156692813765176,0
13.88435171775692,49.86772962614309,0
13.64159087228013,56.04848757338059,0
13.59305385916077,57.35305689569105,0
13.39883002680334,50.37387087664486,0
13.39886791674333,49.09458655562165,0
13.301756000564614,58.70652670113943,0
13.156144961206529,66.89355996333028,0
12.961959018789088,60.40308181002564,0
12.767735186431665,66.00020794691164,0
12.622086257133592,64.9906602936906,0
12.427938204656131,74.81345152959653,0
12.330864178417405,104.68249891868513,0
12.136640346059975,105.4498198757057,0
12.039528429881267,62.89462843961113,0
11.990991416761908,59.939470666815154,0
11.893879500583193,67.5832129837158,0
11.845342487463833,99.67887459334258,0
11.602657421867006,73.57416484727621,0
11.554120408747648,91.69075665143052,0
11.69973144810574,78.7061065050357,0
11.602657421867006,48.27895483457649,0
11.602657421867006,51.502958579881664,0
11.408471479449565,56.145049661876584,0
11.359896576390224,62.6349972624663,0
11.311359563270857,69.16434936655233,0
11.165710633972784,58.350856599826834,0
11.068598717794067,50.152865017131134,0
10.971524691555343,52.33844596698847,0
10.874450665316617,62.72292729374958,0
10.77737663907788,64.61154830108457,0
10.631727709779817,66.9392120148795,0
11.02006170467471,87.47304153822165,0
11.456970602628951,94.67189743822057,0
11.651194434986374,93.73199148997512,0
11.748268461225107,52.35456928701479,0
11.845342487463824,46.82247060531281,0
11.7482684612251,49.452017030959304,0
11.602657421867006,53.87311665406904,0
11.748268461225107,51.60386240690579,0
11.505583395628287,46.750379257963665,0
11.50558339562828,48.89688581314879,0
11.505583395628287,77.13129411764706,0
11.262784660211501,108.40752725112083,0
11.214247647092144,51.26649673226553,0
11.214247647092135,54.26341236407714,0
11.214247647092144,89.48090371167294,0
11.117135730913427,104.86346148246116,0
11.068598717794067,73.31548199432471,0
10.874450665316608,65.06732652961425,0
10.971524691555343,95.34942979098822,0
10.825913652197249,58.6431414739107,0
10.680264722899175,67.51497313874935,0
10.631765599719797,79.39027404751937,0
10.388928974363036,53.699322219474475,0
10.388928974363036,60.115654826440625,0
10.243317935004944,49.908295965255626,0
10.049169882527492,47.71956986245307,0
10.146243908766218,62.89544556758027,0
9.903558843169398,85.26526335392452,0
9.61218520469328,80.3960113960114,0
9.61222309463326,89.46307253999564,0
9.61218520469328,84.68934911242603,0
9.660760107752628,97.50770025634402,0
9.709297120871994,50.01821750479246,0
9.563648191573913,49.952189440985705,0
9.320963125977093,53.1577220636931,0
9.369500139096461,51.76465806714059,0
9.029665267380945,49.51311467807761,0
9.223889099738367,52.53909158600149,0
8.981128254261586,53.77199925944997,0
8.641293382546062,49.69818911131969,0
8.835441435023524,50.34200448674133,0
8.641293382546062,50.05969010483707,0
8.689830395665428,50.94033428419877,0
8.544219356307345,53.91256962822936,0
8.592756369426704,66.22608695652174,0
8.350033413889895,99.55191351225685,0
8.204422374531811,63.52672183922998,0
8.058697665353757,47.09799698575003,0
8.155847471472452,55.43102979556329,0
8.107272568413105,52.40168447270105,0
7.9616236391150395,52.15410218170685,0
8.058735555293747,73.61123770206149,0
7.9616236391150395,97.13454681929068,0
7.913086625995672,61.330203442879494,0
7.913086625995672,54.26335792532974,0
7.767475586637579,54.238048006347945,0
7.621864547279477,55.92628223740968,0
7.621826657339505,60.347132845654755,0
7.524790521040759,50.78103481593031,0
7.573289644220138,47.93337387354481,0
7.476215617981403,50.20569249508715,0
7.330528798743356,58.89815847141594,0
7.281991785623989,60.71737530747787,0
7.087805843206548,49.126873845030005,0
7.087805843206548,47.33626073468962,0
7.03926883008718,52.87932846341151,0
6.990731816967813,55.91230936819173,0
6.845120777609728,56.21107266435986,0
7.03926883008718,52.1163917890619,0
6.845082887669748,50.1250453021116,0
6.748008861431013,52.91319833718612,0
6.699433958371673,56.697913672322116,0
6.505248015954224,53.84690216552859,0
6.505210126014251,45.969323973741865,0
6.408136099775516,46.208974268440414,0
6.311062073536782,54.84422526095186,0
6.262525060417415,58.02227434338111,0
6.068377007939971,54.67839192641519,0
6.11691402105933,51.31130082152788,0
6.116914021059338,52.670403806651684,0
5.971302981701244,60.01446946764787,0
6.11691402105933,60.41084150413076,0
6.068377007939962,43.064792281853364,0
6.068377007939971,45.696830812220085,0
5.874153175582548,49.82376758378453,0
5.582855316986392,53.2342690180528,0
5.63139233010576,52.90053700864512,0
5.777041259403833,52.00532720484644,0
5.631392330105751,58.58128322057373,0
5.631392330105751,55.864938242175214,0
5.485781290747665,50.9459561823011,0
5.582855316986392,52.23302511887636,0
5.485781290747665,56.3992510983757,0
5.38870726450894,57.63069657157709,0
5.291595348330225,56.32336689886736,0
5.243096225150846,52.25534389995638,0
5.243096225150846,60.99746407438715,0
5.194559212031479,75.9884071971984,0
5.388669374568959,73.04002245529479,0
5.000297489734076,77.33698714613425,0
5.679967233165107,101.62416297143471,0
5.340132361449592,57.52552521810789,0
6.311062073536791,52.26288699790497,0
6.5052480159542325,59.089941843048535,0
5.971227201821275,81.4471880681393,0
5.971265091761256,68.84438177899278,0
5.777003369463853,50.94062337974676,0
5.777041259403833,55.19443598334856,0
5.631392330105751,57.699406937190204,0
5.777003369463853,55.26397861439074,0
5.63139233010576,53.33333333333333,0
5.534318303867024,54.381808278867105,0
5.631430220045741,55.564846853774185,0
5.534318303867024,52.77373858039948,0
5.534318303867033,50.175264550264544,0
5.388707264508931,50.08649298387729,0
5.437244277628307,52.81454963547519,0
5.388707264508931,54.081724662958536,0
5.631392330105751,52.03667588115118,0
5.679929343225118,49.879404467779786,0
5.631392330105751,50.161848541069325,0
5.63139233010576,50.91908652386575,0
5.534318303867024,50.108675324675325,0
5.485781290747674,49.876121827591405,0
5.340170251389581,50.22378851497102,0
5.582855316986392,53.40577372406347,0
5.631392330105751,57.516526905627295,0
5.534318303867033,55.939889314439064,0
5.534318303867024,53.775433593601946,0
5.534318303867033,52.80899212504583,0
5.534318303867033,56.40129066695898,0
5.38870726450894,56.457443679449156,0
5.38870726450894,53.796702504531225,0
5.340170251389581,48.190401160464184,0
5.38870726450894,51.15646258503401,0
5.38870726450894,55.31005049078455,0
5.243058335210865,51.92323865820838,0
5.291633238270213,48.59719065656566,0
5.194559212031479,50.26911209731827,0
5.145984308972131,56.6199731380985,0
5.145984308972131,56.71612294093191,0
5.14594641903215,54.6211737015164,0
5.097409405912783,51.38418811896297,0
5.145984308972131,53.71794871794872,0
4.903223463495341,57.96231540887956,0
5.000297489734076,53.60070492589985,0
4.951760476614709,51.33719591663731,0
4.903223463495349,49.992390503245055,0
4.757574534197268,56.05603373712062,0
4.903185573555369,55.113051312939504,0
4.903185573555369,52.57724219077557,0
4.903185573555369,50.05002265351222,0
4.660500507958541,53.15013619612242,0
4.903185573555369,58.71628343343827,0
4.757574534197268,54.96772417364778,0
4.563388591779834,50.652273782252024,0
4.611925604899202,50.82758159924761,0
4.417701772541771,56.51205936920223,0
4.611925604899193,57.88075560802834,0
4.660500507958541,52.2165626581211,0
4.4662387856611385,50.692988838510615,0
4.417701772541771,53.6244705882353,0
4.417701772541771,55.860124567474045,0
4.369126869482423,52.68107164434401,0
4.417701772541771,48.31445987101793,0
22.040199189229373,56.22359687219249,0
1.650561565578249,66.28319621547071,1
1.3107266938627335,85.38534809015796,1
1.310726693862742,57.89119734737403,1
1.2621517908033855,58.218986426516494,1
1.3593015969220814,58.47974472499189,1
1.262151790803394,65.30613451176572,1
1.3106888039227527,64.25134802762273,1
1.4078386100414488,63.805176899063476,1
1.456413513100797,65.02438046647231,1
1.5534496493995422,46.64736047480217,1
2.0389334504131233,66.46397334443981,1
1.262151790803394,72.61354746855247,1
1.456413513100797,87.65365625379262,1
1.7476734817569644,56.227114032355885,1
1.7476734817569644,65.67891622547492,1
2.0875083534724883,64.55612716000527,1
1.3593015969220898,67.64260132142996,1
1.262151790803394,94.92867596893572,1
1.262151790803394,56.13314967860423,1
1.4078386100414488,56.05925925925926,1
1.3592637069821008,63.99629629629629,1
1.5049505262201641,64.25,1
1.602062442398871,92.46589688506981,1
1.6505994555182382,103.98777200938855,1
2.8156772200828892,68.11342592592592,1
3.4953090735739396,63.30972222222222,1
4.126441803885603,81.94245867768595,1
2.9613261493809633,75.79454171416359,1
2.864214233202248,88.30579917311752,1
2.718603193844163,108.77940509537149,1
3.5439218665732684,90.72961210193297,1
0.0,88.20303706122375,1
3.5924209897526462,93.76462827698681,1
4.029329887706896,107.95288873584327,1
4.4662387856611385,79.25240508780992,1
4.029329887706888,108.13180634469697,1
3.640920112932033,106.04604604604606,1
2.0389713403531045,109.66275098628041,1
5.194483432151517,104.56863786752498,1
5.340132361449592,60.66022562337059,1
5.971227201821266,56.95304435823917,1
10.583152806720468,67.1892290249433,1
9.078202280500312,78.91666666666666,1
10.194780921885586,65.3492633334985,1
11.408471479449565,88.0602092727483,1
11.262784660211501,108.32936507936506,1
11.893917390523182,100.83333333333334,1
15.243653314678992,67.5934994184979,1
16.311657053004918,89.37117297797494,1
15.923285168170043,102.62559935739002,1
15.04939159238159,108.03167989417989,1
15.486376270215802,96.22555190658639,1
17.039863809555314,75.58112035936055,1
16.65145403478046,104.67953633479368,1
14.224148699532455,90.02358601491048,1
13.690127885399496,66.81057917684277,1
13.835776814697564,93.63852480113596,1
13.835814704637551,96.5353815177638,1
15.098004385380918,97.23357196575898,1
17.18555062879338,90.75178766990919,1
17.476772707509564,97.78308599175979,1
20.29248781753243,102.13455460474539,1
22.08873620234873,108.60982112143103,1
28.44833528900488,83.44681634155317,1
30.244583673821193,84.04104418308962,1
29.46780201421144,98.46849173553719,1
28.93378120007848,92.28453364817,1
27.8172025586932,92.20570671869373,1
26.60351200112923,101.55809264836648,1
26.069529076936263,97.62399046867301,1
26.79773583348666,104.20390883833656,1
28.885206297019124,99.23523313783696,1
28.642483341482333,102.13956916099772,1
26.9919217759041,68.0752590880102,1
27.23464473144089,70.6291796875,1
31.021327443490943,75.17816483149817,1
36.31288490188118,98.74068710721153,1
40.487901608826114,91.21523421598846,1
40.82769859060165,80.39157825632118,1
41.21607047543653,59.25567489683638,1
46.55624072682609,59.08248688469695,1
70.3926125209918,75.52985232778305,1
78.11151320457002,106.80021365328372,1
72.86845486935916,77.17086779352252,1
69.51879472508332,70.36072508296954,1
65.14959207572092,100.17710387902696,1
63.06208372224845,106.32573929525648,1
63.498992620202706,79.49214393689792,1
70.48976232711051,93.62917107655602,1
66.70307961506046,101.47043756122532,1
66.21759581404686,74.2059047629693,1
74.22783224616123,69.1281259892371,1
76.0725797541569,87.85059171597632,1
78.49988508940491,68.88429873982824,1
89.76274552949639,95.54256454533461,1
105.59414759320546,72.18225108225107,1
108.99764934219844,101.18314028314029,1
98.6572194910148,102.99488677867056,1
101.27874865862022,98.11447163838017,1
114.58050465918483,87.56651223510451,1
122.88203894989537,93.62818484358145,1
144.1939934926343,70.58663509735271,1
163.70973754049697,77.98949663099485,1
194.4547336516854,90.02360905082057,1
195.86261015166687,68.89439669320237,1
198.9695473404059,85.92731850072737,1
234.75598941615087,71.13990804837593,1
261.57642132368784,88.61298701298702,1
246.23569398277013,89.74915668746837,1
260.0228958944084,82.63661663012313,1
311.7552434324938,81.0563023165938,1
338.01228982241037,82.92721393933371,1
329.12819770444753,90.94253290584466,1
346.7991942443144,98.46101601592238,1
360.9748059307276,92.94742872961497,1
381.36440566443866,102.42851037851037,1
371.1696247425531,98.46874286307485,1
417.1404658966281,102.23951488586569,1
412.6408839637811,93.20492408594444,1
370.93932968733105,55.38256835962734,1
345.20963548211034,58.79534083282945,1
339.1412205842303,56.44485291009008,1
329.82033323813323,74.89959094897367,1
323.5092332746564,71.96540251005186,1
306.9090822186141,61.48720999405116,1
297.0389044125706,93.63689233449648,1
334.66251600831447,66.43401238267535,1
388.7740107679284,96.01600179597374,1
382.0565033081844,94.1212632161533,1
434.8752312054879,63.88141737750447,1
475.8181152136406,73.8494820188738,1
485.33326428203515,77.36927868290174,1
485.57598723757195,97.14029473396502,1
420.57204409114905,77.25778592687075,1
393.9351510528941,69.46870665039111,1
387.9306185938269,79.05638006879916,1
377.5416896194639,106.79481936912114,1
388.02773051000565,97.91218751279243,1
459.9905021439299,65.5788454684929,1
535.9643786044288,77.89245937036726,1
589.3566465232684,93.3594309514042,1
595.4249098613884,83.73408947700062,1
590.7644472433699,80.92660007342022,1
521.8282103455389,68.10673843978046,1
477.21386693282716,55.91780293019247,1
461.0599456999753,68.3464347826087,1
487.3722356223882,82.39253114481996,1
535.0449792107197,94.04886595318072,1
505.33445424097135,81.92124651077654,1
474.75007358537476,73.58239365859104,1
468.2934004724798,71.21901977311786,1
474.2646276743011,62.44945746979671,1
463.39017700898444,68.67715078630897,1
451.5933715346401,73.74669593299765,1
442.46663224102036,81.48666582724753,1
435.0389536361583,78.16262337662337,1
429.5046353322913,73.08542574481316,1
424.35865102331917,74.84045962832542,1
428.63081753638284,86.24634762988165,1
494.7998763373103,95.77109822777103,1
516.6944265972415,84.32360218515609,1
485.81871019310887,103.72222843230706,1
492.2268841828243,95.08527473754745,1
564.8435982909306,101.98526296566837,1
545.1306371054517,73.60072975782435,1
495.46738341000645,78.63379409052486,1
469.1611937679309,91.22788143031059,1
466.4485771846041,61.784587668883425,1
475.47828034192514,86.23697946475585,1
475.13844547020955,94.20123544240067,1
469.2158310613877,81.70258976638789,1
497.46990462809515,82.94319701708638,1
516.4517036417049,62.87017442784487,1
494.26581763323736,81.56945311372493,1
540.3821182669105,93.60642583518161,1
569.1611948420347,84.26229857478927,1
532.6055869846168,99.58531828429045,1
506.00203709354753,93.36655132826229,1
495.4674591898865,88.93274587990435,1
485.6609743729558,77.8471630519653,1
478.6217055428686,76.92239281452018,1
489.7874540667814,83.22267379157603,1
549.3056159224566,106.51769047039318,1
570.3748475096588,107.46517946517946,1
536.2465828774288,103.89764764764763,1
532.5570120815574,97.39269592172818,1
530.1297067463095,71.782529772228,1
658.319557938848,97.87374262920568,1
708.6999545283683,94.98844752510442,1
639.6180687012392,72.8443812832707,1
596.594989098031,104.93725680047599,1
599.5078540141727,74.55379415788202,1
617.1302756509803,89.16334309917485,1
575.671444330067,114.37952950825749,1
572.9528790261627,95.88547990322292,1
558.0490226932592,81.78597493932315,1
556.9809431750533,101.19259038544497,1
539.3426835433323,59.99627602902565,1
535.3241522885208,54.8246125243233,1
538.3340912309013,78.68821735472628,1
546.4414016892543,81.27364505496628,1
582.5114499657788,67.29142509276438,1
630.9769268784531,57.25577225235462,1
610.8192135774434,71.08942430020244,1
580.9630017884572,94.37824354118378,1
565.4766255182413,80.7135020321688,1
552.6603154287503,61.915512730875164,1
546.0312051989887,61.92199504992681,1
542.8004057964423,70.27342630456816,1
559.9373436322364,71.7432031182622,1
560.1801044777133,66.29985095130837,1
548.3832232234887,73.49966854788138,1
539.644855814704,67.2753086419753,1
542.1206602731314,53.761841250299234,1
539.9361157833602,69.29488365479659,1
538.7710001288553,101.40365454651169,1
580.375480379067,96.70320562628255,1
613.1335690015994,113.98046723040068,1
641.4035563431001,90.20927746596816,1
624.5578405860223,61.783689248134294,1
581.9825064036038,68.8534185025353,1
555.4274935256539,96.96880891973458,1
551.2257265210802,84.04589183191007,1
574.6469382428425,69.2315882874889,1
566.1513316795345,79.75734642828891,1
553.1893347708054,92.54874525668478,1
539.644855814704,71.46592278744178,1
539.3535579561078,53.84361428635373,1
573.5303974913971,86.0418911076014,1
581.7347819759889,93.18699476618931,1
568.0931532137689,101.15081349243849,1
600.5223571572411,90.00986724501877,1
627.76200336076,61.4796440308274,1
597.5174196869388,56.88772123602894,1
563.4376541778882,66.78218433987665,1
587.3226008751132,72.0253448601663,1
616.1107710358337,104.77736043545326,1
608.7317052239708,106.2486722942755,1
580.0406469794293,81.07832233065443,1
569.1661963141125,57.36267601505435,1
564.0687869081999,63.039021676638114,1
585.138018495402,53.963985625870805,1
579.5066261652963,79.42060317803481,1
564.8455306778694,103.03768409482483,1
551.3495887348876,75.51928439994265,1
535.615488037057,68.28035441150777,1
529.7413348614747,67.34697614600799,1
526.0518019555432,56.177677050104414,1
527.6537886180621,60.30302093277891,1
524.935223314158,94.20752008344392,1
529.7413727514146,85.5957300275482,1
587.0263394343792,95.22621107266437,1
690.8619391330524,79.90173010380624,1
723.652347874391,86.26484740476722,1
725.0601864844326,60.953513913640755,1
760.6448267398233,61.84955490008504,1
678.6980938100838,70.57870532575006,1
613.3004362972885,60.649970727575834,1
590.7694108255079,42.87336444653315,1
591.8374524537737,57.29907482392206,1
643.2483417410358,82.19968774664021,1
660.38527957683,96.86384365449126,1
710.5878965679456,84.79000890383425,1
688.3588918077766,96.79996231196296,1
636.0256477114865,75.22212965631945,1
669.814115361941,68.2112294685891,1
777.1741993879758,73.9012934337429,1
740.4964343640497,78.54489386792453,1
683.8801114519808,69.91487078815197,1
656.3666725421384,56.57355183007526,1
644.6669410940325,73.33122456433267,1
639.2782717194636,95.24263159391619,1
654.8131850027988,83.11101703858273,1
686.5626813129003,76.92373487594897,1
667.9207929508859,77.50106962644735,1
647.822491075771,85.69074192438173,1
650.2012593978997,90.12129968029552,1
693.0193544257951,63.08641975308642,1
686.3685332604229,65.87813620071685,1
665.3478386863399,62.18272632674298,1
663.06610650051,71.54597528616026,1
759.7099303606608,65.046890625,1
773.1683612630588,73.55484994103773,1
733.5542395602013,83.94252008155604,1
739.8167646206186,102.57615264230569,1
740.5935083902885,84.36514288804592,1
716.2716906850491,95.63468272867348,1
708.3100291559941,69.91530521197299,1
711.271393195315,66.84704791599586,1
698.6977681714208,84.20760802058379,1
690.5920490905471,87.82777777777778,1
677.5815909485787,69.79219899341851,1
673.1152763830376,83.95461884932439,1
675.7853425637624,73.85525573999396,1
699.2818794862125,80.86320633428272,1
709.1369013162625,85.81289872316411,1
684.9121197473221,87.64536829854825,1
670.9306561133862,62.06370666810881,1
667.0954742781569,62.50259752314871,1
678.018461956593,63.24544405148305,1
670.3480982861341,100.34627281311833,1
661.7553798066474,92.413858251634,1
657.5803630997024,56.80759803921569,1
651.7547090472992,55.415825643983084,1
645.1524248950462,64.74079719033583,1
645.4922597667618,65.35926154973774,1
639.5209946750005,79.57642285564363,1
633.8411032217153,100.29684315438195,1
628.5980069965647,84.10286709637768,1
627.190130496583,88.52995066204478,1
651.0750771938082,107.32711225559949,1
669.4257434771062,65.05635734800612,1
664.8623169953863,52.15447139047389,1
652.4343787907303,71.06963047401919,1
640.2006644184314,90.26414494596312,1
633.5983423762386,98.18275445699268,1
636.3169455700828,89.4090728323674,1
630.9768132086332,72.59546598234772,1
622.2599672857592,57.98125439831105,1
615.9165850934163,70.27550939519685,1
621.2081804417463,96.35045010737812,1
681.7458090226282,101.79664231705755,1
713.5546409787443,88.42544387931977,1
686.7569051452576,70.11372873345935,1
659.9105944087116,76.12130681818182,1
646.1718916202528,69.5729569921705,1
637.0451523266331,76.65285398064793,1
631.2680731772894,71.78960300188113,1
627.044557347165,80.68093039772727,1
623.937506488606,83.55371900826447,1
622.135953512192,74.56417159525748,1
619.0720971852147,67.81389298372744,1
615.2369153499851,64.21985194218132,1
611.6444943602326,83.29299800728373,1
606.7898079098566,74.1845842469219,1
602.6634039959108,70.96010531026717,1
598.6825353414434,60.06514456639218,1
595.4784483465857,67.43164400030318,1
600.0903739514849,64.52190521396645,1
607.5180146664069,67.08860028860029,1
596.2551921162554,62.48925619834711,1
591.740416317475,82.59071539256198,1
588.4391795164985,107.36692040598291,1
585.7205763226543,81.55384615384615,1
582.5165272177367,63.2668458781362,1
577.5162297280026,75.99239631336405,1
570.574034924154,83.56058037833074,1
567.4670598454751,82.67613770134656,1
562.4667623557409,91.38447880789046,1
557.6606129184843,91.95521163422364,1
555.9129773266674,96.6457787507713,1
553.7768940701357,97.07504694700108,1
554.5535999498654,84.5962610410771,1
553.3885221853006,90.39477124183006,1
549.0193574258783,97.31111111111112,1
544.5857039886032,90.97142857142856,1
540.0332276995388,87.98855247981545,1
536.14947096125,67.80153656978464,1
532.9939209795117,99.92397149844183,1
531.7317312987683,107.84859147740033,1
529.110240021103,99.7954480796586,1
525.8090411100663,90.46015057773258,1
523.5273468141766,78.11117966580316,1
520.3718347223781,68.84030966559729,1
518.7212731567998,94.72233458148423,1
515.5657231750615,92.9607009223808,1
510.85668565398356,103.0175931642091,1
506.48748300462114,98.93934811680415,1
502.6523011693919,98.70625200110698,1
499.69097502001085,80.83105693799389,1
499.15695420587787,78.71552523887506,1
494.8848634726941,81.63699693650594,1
489.593268124364,84.35967839166655,1
485.0298416426441,72.08365097746655,1
482.94233328917164,83.21598333023148,1
480.0295441529101,76.15563923256231,1
475.708878516667,101.38391253015757,1
471.8736966814376,85.73532758414181,1
472.6139903288429,82.15416606253928,1
466.2543912421868,68.23454249659235,1
467.32247076039266,91.92310186615448,1
485.0905413264984,68.6274658531691,1
490.6733966434847,57.68432900175738,1
480.332966792301,92.04737164750958,1
474.11897874500306,85.35638789800502,1
468.7303093704341,115.0158524095801,1
464.943664548324,100.30425714636242,1
460.4773878727229,95.17237090836731,1
456.25383415265856,98.24327872295737,1
453.0497471578009,95.45310753873278,1
450.3311439639567,95.0562095035256,1
446.9328710266815,82.86213226625033,1
443.92296997424125,84.77831632653061,1
441.0101808379796,102.84246554308274,1
437.56340877752496,103.1947605187621,1
434.50497071196537,75.15371687717656,1
432.02905258371806,103.11316787790697,1
429.1163013373964,91.97448074433262,1
426.8831061646859,104.30138769998675,1
425.91217645259866,91.71417387153087,1
424.0188540415437,84.91380934784365,1
420.8148049366259,62.076124567474054,1
417.70782985794693,87.30155983962212,1
415.5231716983557,104.96689342403629,1
413.4842382479426,98.49395566839175,1
412.2220106772592,105.71898838578153,1
412.31908470349794,92.3237353331485,1
407.2702880905845,70.82321187584347,1
406.10517243607995,93.97025477535,1
404.94001889163525,77.91515990625564,1
402.90104755128215,72.24557644824313,1
403.09523349369954,76.13914924653506,1
399.4057005877682,88.43096626405664,1
396.83270843328216,81.13010204081633,1
395.86041468335554,104.3910619803477,1
392.4940071856068,74.88797332780541,1
391.32889153110216,71.91714170352927,1
390.60072266449174,101.5268024786212,1
387.8335066776483,105.06584452626925,1
385.64896218787703,74.6845824392805,1
383.755601886882,92.31879340277779,1
381.66809353340955,93.19181005735626,1
379.7262341092352,103.92968757751034,1
376.71640883667493,100.49266318097486,1
374.2889898316068,74.82300330807584,1
371.91025939941824,84.47297406619823,1
369.580028090409,90.34376681011297,1
368.60906048838183,71.27053262241496,1
368.1235766873682,81.35429127953158,1
366.23033005619305,96.89319048778509,1
365.55069820270205,103.19691566114459,1
365.16228842792725,88.94812091503269,1
363.4631140693497,86.96479885057472,1
360.84162279168413,61.74854162220393,1
359.48235908470207,84.89022368148666,1
357.6861106998858,93.2802601084642,1
355.74421338577145,91.28573535285804,1
353.31690805052335,75.33904730477401,1
352.5401642808536,58.64612780595309,1
351.03521375463345,65.65482900317735,1
349.62733725465205,60.44660707756696,1
347.3942178618215,60.95706239113099,1
345.5008575608265,72.38327254326006,1
344.52996573867927,114.88574054931485,1
343.8988330083676,93.83691566684354,1
347.6369408173583,80.90659934471122,1
349.87006021018885,64.39636599763872,1
347.734014843597,93.20614285714285,1
344.09301895078505,78.80502232142857,1
342.0055484872525,73.32856927636757,1
339.52963035900524,68.31450244104789,1
336.9081390813397,92.98205600194791,1
334.917704754106,76.97508711218073,1
332.78165938751414,78.0956722764628,1
330.7426880471611,96.31552972496121,1
329.1406634947022,95.16544983429607,1
327.63571296848204,93.18200471940084,1
326.51913432709676,87.41449357520787,1
324.67434892916117,90.95739795918368,1
323.7519941201332,85.03251833840915,1
325.0141838008766,68.05379614302232,1
323.2665860989996,73.66370567251872,1
322.00432063837627,85.61182761874804,1
321.7310583912125,104.68765853898726,1
321.06950003909367,67.72482962993973,1
318.10813599977274,72.52423835980628,1
320.00145841082787,88.23136133636771,1
327.5261731519886,67.19062616628497,1
331.26428096097925,54.11508274923968,1
323.6424543036398,89.02797521954528,1
319.07906571186,97.83443514626762,1
315.972090633181,93.65218259534825,1
314.1272673453053,93.3787939691779,1
312.23398282419026,95.13519937686226,1
310.4863093424333,103.22353530003957,1
309.4668047272868,97.37305093555094,1
308.10754102030467,101.32281438622121,1
306.94246325574,94.8659507055343,1
306.94246325574,101.11736275088549,1
307.6706321223504,88.42580782312925,1
306.99096237891933,84.26818556222881,1
305.5831237688779,86.88778140573982,1
304.02963622953837,117.098855239107,1
303.0101695043319,89.92392488596849,1
301.65079212752977,71.7923428306273,1
300.48571436296515,97.80438320118219,1
299.2235246822218,86.46658119658119,1
297.9612592215985,97.98326202762671,1
298.3496311064333,61.97265959013396,1
299.70897059329536,50.88921171123049,1
297.08744142569003,71.16015872368597,1
295.5339538863504,64.91587539021853,1
295.2912309308136,61.23543715092696,1
294.41741313490513,92.2319458856989,1
295.97090067424466,70.55121772159978,1
297.66999925294226,84.29211786580359,1
295.2426939176943,96.99252073892671,1
293.1066106611625,86.78709936098213,1
291.21328825010744,85.64402076620122,1
288.20338719766715,98.47367123429876,1
287.6209051502948,74.29799611492471,1
285.630432933121,58.8152344736921,1
285.2905980614055,57.14715534970927,1
284.75661513721263,89.33517165439565,1
282.8632927261575,104.31370341022851,1
282.1350859696071,72.04843296839138,1
280.1932265454327,73.03657880580957,1
280.19318865549275,82.54672600127145,1
279.56213170506106,67.17397655198923,1
278.5912019929739,87.29902650081127,1
278.39697816061647,96.51277710948995,1
277.03767656369433,85.62512428926685,1
276.01824772842775,87.777672981161,1
274.7559822678044,81.82416666666667,1
273.3966806708824,98.87750578954987,1
272.13445310019904,84.89593788048163,1
271.0179123487537,82.37333286903228,1
269.3187758801161,65.47302697302698,1
268.7362180528638,91.66222852777474,1
268.6876810397444,105.94966177643991,1
267.47402837212053,85.43682428158864,1
266.01757696907976,84.96244701428043,1
267.0370815842262,78.79125094422761,1
265.77485401354284,104.38505454881657,1
265.2894081024693,76.21064519557822,1
264.3670154035014,87.2711782826338,1
263.83299458936847,78.69463413055439,1
263.29901166517556,97.9151661269679,1
261.7940611389553,88.25198257624218,1
260.62890759451074,81.59896539512059,1
260.1434237934971,95.90232115530522,1
260.24057359961586,71.29669483955198,1
258.1530273562034,81.15344933134901,1
256.745150856222,69.8849758118032,1
255.96840708655228,77.05087769257085,1
254.90040334822623,97.05862205159522,1
253.63825155742288,72.0890022675737,1
252.2789120705608,63.52080315997367,1
251.16229553923557,69.45230511695246,1
250.14282881402897,75.82046300853057,1
249.1719369918818,64.8922902494331,1
247.61844945254228,91.44000073147538,1
247.52133753636357,80.40073274366978,1
247.42426351012477,85.05849664701121,1
246.79313077981317,50.22108585858586,1
246.30764697879954,81.75454545454545,1
246.0163491202034,91.49058797315718,1
245.04545729805614,80.39903920579087,1
243.6861557011341,69.80366560031021,1
242.6666510859875,81.71488095238095,1
242.27827920115266,94.95705782312926,1
243.41997887274727,101.51116209665236,1
242.15775130206393,74.34854070087138,1
241.04117266067863,76.9349665834092,1
240.26442889100892,82.69878051419667,1
239.53618424451852,93.97364958448753,1
239.39057320516045,81.84455987837205,1
238.6138294354907,75.21256939765628,1
237.7400116395822,58.620921673720716,1
236.2836360164214,73.91861381488671,1
234.43881272854568,84.8839396103856,1
233.9534047074121,55.22665961618966,1
233.32223408716047,65.04643179765131,1
233.17662304780237,88.93826697241332,1
233.2737349639811,91.41849034156726,1
232.3027673619539,67.83103373053746,1
230.02107306606396,85.34190575293593,1
230.65220579637565,106.26003573954858,1
229.14725527015545,82.24388029397466,1
228.9530693277381,103.95848334646263,1
227.49665581463725,94.27892784951685,1
225.5062593773435,74.96600715769799,1
224.48679265213698,81.92221135507849,1
222.73911917037995,109.68967155201975,1
222.73908128044002,94.2532079028112,1
222.64196936426129,96.41487561318297,1
221.7681894582928,99.702724689096,1
219.97194107347647,100.4654469658422,1
219.58356918864163,70.24389879601185,1
218.07865655236142,53.92321613319369,1
217.98154463618272,84.41398635645814,1
217.49602294522913,91.28432215999783,1
217.3503740159311,85.9032940140317,1
216.86492810485746,77.93415870038557,1
215.1172546231005,60.1713530898013,1
214.72888273826567,61.30066409656418,1
213.4181560444029,73.02660383879548,1
212.44718844237573,60.75498949579832,1
211.37918470404978,61.91001717142554,1
210.50532901820128,53.49647574139414,1
209.92280908088898,66.93989188402931,1
209.24313933745796,90.04566815408825,1
208.17509770919204,112.16709090103056,1
207.5925777718797,77.3273556527944,1
206.33035020119635,63.42155278831146,1
206.47599913049444,89.01716243147445,1
206.67022296285182,73.65472581802376,1
205.8449042901228,81.89972094697993,1
205.60214344464595,105.76169653013598,1
203.85443207294907,73.15848342142962,1
202.88354025080181,97.45983826906675,1
202.44663135284756,94.13100732449442,1
202.3009445336095,69.1018288071443,1
202.34951943666886,80.2544517345874,1
201.1843658922242,98.09305664328781,1
200.21347407007696,70.592872339395,1
199.5823413397653,86.76853741496598,1
198.9026715963343,83.53035714285714,1
198.02885380042582,67.64625850340136,1
197.15503600451737,75.80598161262833,1
195.89280843383403,51.630107017542024,1
195.40740041270035,70.1674490135543,1
195.21313869040296,65.9128578462814,1
194.9704536248061,62.17173828493735,1
194.77622979244873,69.84996938761734,1
194.29078388137512,90.33726180579328,1
193.85387498342087,84.43577255932307,1
195.4073625227604,66.35331921360667,1
193.85383709348085,98.97358908582089,1
193.2712792662286,66.16444062783813,1
192.64018442585686,68.09739428019003,1
190.94104795721927,60.51485540082264,1
189.43609743099913,81.45749663724052,1
186.717494237155,84.56802438342869,1
186.32916024226012,104.38231762106798,1
185.98932537054458,74.87587443624713,1
185.11546968469617,70.1737980192862,1
183.99885315337082,71.2568790026055,1
183.61055704841596,57.74687577046351,1
183.90177912713213,55.99230208183798,1
182.7852762656268,82.64227465852969,1
181.42589888882472,74.28062466197946,1
180.79480404845313,59.56721277042638,1
179.96948537572396,71.35307708464609,1
179.48403946465038,98.3241721451181,1
178.61018377880185,85.36487700164807,1
178.46457273944384,63.00409348236319,1
177.88197702225145,75.55561835687678,1
176.81401117386554,95.13452184637556,1
176.13430354049459,77.09847179087197,1
89.23918233879895,75.62135492965533,0
16.602879131721114,49.8225077838404,0
8.884016338082862,85.39516587593509,0
12.039566319821247,78.26450694197223,0
41.43271113335959,65.72194734615849,0
42.08682031778175,80.97541322314049,0
40.01513361887887,79.92015306122448,0
38.706915250034534,93.7832177136041,0
37.61647756482308,81.71290174958871,0
38.48887885522715,80.73307771172988,0
38.05263559149603,74.39206714626287,0
37.39835593295752,77.64064701330435,0
37.834428722572284,76.12118134168433,0
37.289337735553815,74.56409293129016,0
37.39835593295752,67.7074190710767,0
37.289337735553815,56.46568274850446,0
36.74424674853535,70.4132812774788,0
35.65397953744023,99.32246933172387,0
36.41719215632427,73.34629559947794,0
36.635228551131654,76.99359643013283,0
36.74424674853535,88.955123029098,0
36.417192156324276,55.836657918095085,0
34.67256004963246,86.34153798826988,0
34.563541852228774,69.78866087479456,0
34.23648726001768,65.61653797776728,0
34.34550545742138,64.35924599466523,0
34.454523654825074,64.37176916537416,0
34.01836562815213,63.93841690678639,0
34.56354185222877,56.433435293404,0
33.80032923334473,57.67124100604212,0
34.127383825555825,52.80279224537037,0
35.32675447111281,55.958732193732196,0
35.108718076305415,77.69858833474217,0
32.273818758518495,88.05463510848125,0
32.05586760076928,72.93579710144927,0
33.25515300926809,83.8903213610586,0
33.25506777220992,99.23672627546068,0
32.927927942940656,62.37542270513145,0
31.837745968903715,66.3808690231006,0
31.074618587077868,55.125530895806335,0
31.946678929249238,77.12945901211893,0
32.49185515332587,77.3053388429752,0
32.60087335072958,71.86969761789013,0
32.273818758518495,69.49096921883796,0
31.94676416630742,96.76414484599269,0
32.055782363711124,78.93394529122482,0
31.837745968903725,69.01829037375124,0
31.94676416630742,96.38908768116401,0
31.837745968903725,71.64632360121081,0
31.292654981885253,60.57881237719548,0
31.183636784481557,64.71935664560002,0
30.638460560404912,62.05630777492233,0
30.856496955212307,64.15303998810762,0
30.747393520750425,68.47944849115504,0
30.747393520750425,60.742139804639805,0
30.42025369148118,76.83760683760684,0
30.747393520750425,68.00707300069544,0
30.093284336328264,69.62218692769561,0
30.20213205961561,68.83138239703659,0
30.311150257019307,58.50612525983256,0
29.875077467404537,83.71007654116164,0
29.657041072597142,72.37336682309913,0
29.548022875193457,69.30904280904281,0
29.548022875193446,68.57142857142857,0
29.111864848520494,68.7013862148633,0
29.43900467778975,71.67815814608014,0
28.89382845371311,73.17848243728656,0
29.329986480386065,71.23685075608151,0
28.78489549336759,69.93946920873611,0
28.13070107188725,67.72374246417083,0
27.25829978148318,62.02586619089399,0
27.25829978148318,68.9398210738518,0
26.931245189272097,75.09215400607503,0
27.694372571097947,74.35071027210404,0
27.58535437369426,65.99826461196723,0
27.58535437369426,61.09877501725328,0
27.58535437369426,68.1964573268921,0
27.694372571097954,64.57267146859012,0
28.021512400367214,49.02285194895133,0
27.25829978148318,66.18571428571428,0
27.476336176290562,69.55395736967155,0
27.25829978148318,50.920576846855084,0
27.476336176290562,61.09890473850479,0
27.258299781483185,68.66950567454167,0
26.49517239965733,66.53908318973104,0
26.386068965195445,61.07346978368417,0
27.367317978886874,78.07962529274005,0
27.258299781483185,85.9679534464388,0
27.149281584079482,52.78475577015335,0
27.149281584079493,65.00042746807755,0
26.604190597061017,72.79474972191323,0
26.713208794464705,57.37033226048448,0
27.040263386675797,45.964058567131175,0
26.8222269918684,48.995426648137936,0
26.386154202253632,56.93173997725301,0
26.713208794464713,73.85792408573838,0
26.277136004849936,61.25448784982133,0
26.604190597061017,53.16242889829272,0
26.49517239965733,80.26254978266493,0
25.94999617558068,58.757730234403326,0
26.277136004849936,63.56193348522349,0
26.05909961004254,63.75638343980252,0
25.950081412638845,74.22229041992736,0
26.05909961004254,64.46537485855706,0
25.731959780773288,61.06191328100954,0
25.62294158336959,74.60877634099617,0
25.731959780773288,66.8096358892922,0
25.950081412638845,64.33461650210113,0
25.840977978176983,63.919526637063385,0
25.62294158336959,65.32783945016962,0
25.513838148907727,54.25080734515187,0
25.731959780773288,73.60965231675924,0
25.6229415833696,68.4932896431516,0
25.73204501783146,52.68919075453863,0
25.84106321523515,73.10037240409011,0
25.07768012223477,64.52974546176432,0
24.314382266292572,51.03539831196352,0
24.96857668777291,54.37796971189479,0
24.750540292965518,67.58061096430322,0
24.859558490369214,65.90709574158502,0
24.750540292965518,63.11479964835405,0
24.205449305947052,65.19455524435497,0
23.87839471373597,66.95226106843458,0
23.333218489659313,56.404535762744715,0
22.897060462986374,60.423979250867205,0
23.115096857793752,83.03757223539895,0
23.769376516332272,80.98446392476086,0
23.55134012152488,60.433102942994566,0
23.442151450004832,66.19099780022032,0
23.224115055197448,74.52190612132529,0
23.551254884466704,66.29645558659288,0
23.55134012152488,54.12162857721223,0
23.44223668706302,65.80619382017846,0
23.44223668706302,86.70371639092099,0
23.00590818627372,63.94885239414325,0
23.115011620735583,78.92801493866246,0
23.22402981813927,60.98286290322581,0
23.115011620735583,64.15707787254766,0
22.896889988870026,56.15731730463827,0
22.78787179146633,66.48432873773017,0
22.35179900185155,72.322898831896,0
22.78787179146633,64.68737727379852,0
22.242780804447865,54.26372797279927,0
22.35179900185155,67.13317978928619,0
22.242780804447865,59.07223885156745,0
22.02474440964047,64.72285346405175,0
21.91572621223678,55.73357197296123,0
22.02474440964047,54.53877809433365,0
21.5886716200257,67.93846153846154,0
21.370635225218308,69.70111565830433,0
21.697689817429396,62.804871130990236,0
21.5886716200257,51.38686744369643,0
21.69768981742939,64.94443846020829,0
20.71644080373797,64.27541412456,0
20.82537376408349,56.56614075872356,0
21.152598830410916,60.279032326914646,0
20.934477198545355,54.20373094335842,0
20.825459001141667,54.72189349112426,0
20.825459001141667,59.923527754296984,0
20.607252132217923,57.49162607843927,0
19.95314294779576,61.7569153729868,0
20.716355566679795,68.0556256385338,0
20.498233934814238,49.42150765765926,0
20.716355566679795,60.05190145131836,0
20.171094105544977,86.04708272361226,0
20.280112302948677,61.83325079627009,0
20.06207590814128,55.535644431159014,0
19.844039513333886,52.41529871740232,0
20.06207590814128,58.95249757283625,0
19.844039513333897,65.20322753721831,0
19.844039513333886,71.35863318385016,0
20.06207590814128,54.649072212507555,0
19.844039513333897,57.90682040790172,0
19.516984921122805,56.72902312704312,0
19.844039513333886,51.53599778979256,0
19.6260031185265,60.87129033340227,0
19.298948526315424,58.78470248326836,0
19.6260031185265,59.688884542031396,0
19.18993032891173,64.88816568047338,0
19.18993032891173,71.09541169391234,0
18.971808697046168,64.33949713052488,0
19.298948526315424,63.57156515984845,0
19.08091213150803,56.68805161092352,0
19.08091213150803,50.04161712247324,0
18.75385753929695,62.27121927376085,0
19.516984921122816,68.0057191586308,0
18.86279049964247,59.09086785946779,0
18.86279049964247,73.39932234933814,0
19.08091213150803,99.48033197759722,0
18.09966311781661,75.24117419527332,0
18.208681315220307,59.309323360421615,0
18.644839341893253,71.26130165189457,0
18.317784749682172,48.15648166377403,0
18.535821144489557,54.332544982355756,0
19.298948526315424,61.71883292227916,0
18.862875736700644,75.19880397084245,0
18.644839341893253,56.52248841911039,0
18.971893934104333,70.98474164968749,0
18.75385753929695,75.47022674295403,0
18.862875736700637,54.0033255935885,0
18.535821144489564,52.30838256686186,0
18.862875736700644,62.89618452224095,0
18.862875736700637,66.53961432506887,0
18.535821144489564,50.59374808359558,0
18.208596078162124,55.41577966214324,0
18.535821144489557,57.855812668204535,0
17.881456248892885,73.31947035655058,0
18.208596078162135,55.383615627416034,0
17.772523288547355,51.54266050529341,0
17.881456248892874,70.5697919281319,0
17.772352814431002,52.9549454806147,0
17.77243805148919,61.78330377776096,0
18.208681315220307,55.135832376038756,0
17.990474446296563,61.51107919180312,0
17.66341985408549,63.434807538250624,0
17.881456248892874,51.23869012209286,0
17.77243805148919,56.340860021917216,0
17.55431641962363,59.816810905821896,0
17.663334617027314,55.8127473128144,0
17.55431641962363,72.0671834625323,0
17.336280024816233,62.517792637815674,0
17.772352814431002,48.857751869876466,0
17.11824363000884,71.46814404432132,0
16.682085603335896,73.17455736452499,0
16.900207235201467,52.971903172750785,0
17.009225432605156,64.97562732445289,0
16.900207235201467,66.63338059771885,0
17.009225432605156,56.23111640354638,0
16.79118903779777,50.376985492992375,0
16.900207235201467,54.92647481088267,0
16.79118903779777,72.0808635862459,0
16.46413444558668,65.02463607584347,0
16.46404920852851,60.53979238754325,0
16.900207235201457,71.22221852541922,0
16.79118903779777,55.83983140147524,0
16.682170840394075,48.733687029802624,0
16.246098050779295,49.37806155073223,0
16.246098050779295,62.560466232273896,0
16.46413444558668,61.150266901547596,0
16.1370798533756,56.43973893407518,0
16.573152642990376,61.64875140832014,0
15.700921826702645,67.13951242456557,0
16.02806165597191,52.60055593281826,0
16.246098050779295,65.15072374637614,0
15.591818392240782,67.86099206176476,0
16.0280616559719,52.55295898582159,0
16.02806165597191,60.25925711201624,0
15.373867234491565,62.020460860954394,0
15.482885431895262,66.3714096749811,0
16.02806165597191,60.47528085753532,0
15.919043458568215,55.633109998329836,0
15.700921826702645,47.43189435691522,0
15.591903629298947,68.88048510831206,0
15.591903629298958,53.982541996390395,0
16.1370798533756,52.04931972789115,0
15.700921826702654,71.18367346938774,0
15.810025261164519,72.29842373243086,0
14.937709207818612,52.91629435231375,0
15.919043458568215,50.96550295857989,0
15.482800194837086,67.52,0
15.809940024106341,62.7473044431035,0
15.15566036556783,54.32203214301002,0
15.373696760375212,60.189035916824196,0
15.155575128509653,66.4139366272825,0
14.937538733702269,57.385564247144664,0
15.264593325913351,57.20668394245376,0
15.264678562971525,78.50425054211203,0
15.155575128509653,71.5394954634116,0
15.15566036556783,66.57008909219674,0
14.828520536298571,55.993317893796366,0
14.937538733702269,68.57490454443362,0
14.174326114818234,85.64899791334454,0
14.610484141491188,58.540354449180434,0
14.501465944087492,72.94097325500694,0
14.828520536298571,59.14351504490685,0
14.719502338894875,56.481703792628174,0
14.719502338894875,59.5187965515219,0
14.283429549280097,60.054515715068156,0
14.610484141491188,54.87250730694739,0
14.174411351876401,62.37447531702499,0
13.738253325203457,69.94089812961158,0
14.283429549280097,64.4870101209805,0
14.28334431222192,59.59571938168847,0
14.174411351876401,67.14364480812668,0
14.17441135187641,73.38529192069481,0
14.283429549280097,101.4336799734982,0
14.065393154472714,81.4243619190872,0
14.392447746683795,62.33677303734536,0
13.956374957069016,57.30512954441987,0
13.956374957069016,64.6376130756579,0
14.174411351876401,87.14158350854945,0
14.065393154472703,55.216776636977905,0
13.956374957069016,49.35754239933823,0
13.738338562261633,59.94856672766757,0
13.30218053558868,71.85595045974854,0
13.847356759665331,61.08064676616915,0
13.847271522607144,56.196439444568206,0
13.62923512779976,51.91956048774303,0
13.847356759665331,50.9749464600655,0
13.302095298530503,58.245573605599645,0
13.302095298530503,59.32254684786149,0
13.52030216745424,74.44002506389609,0
12.974955469261248,57.611375922030206,0
12.974870232203072,57.879204719496286,0
12.974955469261257,62.104834314015534,0
13.520216930396064,60.45013811474439,0
13.302010061472327,55.413462354638824,0
13.62923512779976,52.31114606270316,0
13.30218053558868,76.71811472258463,0
13.738338562261633,61.32543941143176,0
13.411198732992375,46.701568431938895,0
13.302095298530503,55.17988764059639,0
13.30218053558868,55.22523571179141,0
13.738338562261633,54.230030729153015,0
13.629320364857936,64.54898311435545,0
13.411198732992375,53.937712770272746,0
13.302095298530503,58.28151231356226,0
13.084144140781296,65.42394003536289,0
13.192991864068631,47.953072645379606,0
13.083973666664944,60.65135566962711,0
12.75700431151203,88.360711708926,0
13.083973666664944,50.415263106416276,0
13.083888429606768,58.32409554155922,0
13.19299186406864,69.59777111893004,0
12.974955469261257,57.26152993820584,0
13.192991864068631,69.23849478150764,0
13.411198732992375,61.31936113544597,0
12.865852034799383,61.94926572787893,0
13.411198732992375,60.70103245677866,0
13.302095298530503,62.2569008906258,0
13.411198732992375,55.78327540966056,0
13.52030216745424,46.33567913705067,0
12.974870232203072,51.406086807342604,0
12.647815639991999,56.21480446756559,0
13.083888429606768,56.78229820115097,0
12.647815639991999,59.14105423286244,0
12.756833837395696,73.87047118010659,0
12.429779245184607,55.015798080209905,0
12.429779245184607,71.01211734693878,0
12.647815639991999,61.90980029585799,0
12.429779245184607,48.853370429077,0
12.429779245184607,67.41909253075563,0
12.756833837395696,63.959917198679655,0
12.211742850377213,57.398641122744486,0
12.32076104778092,58.99069739232817,0
11.666566626300572,53.618503437027826,0
11.775670060762446,55.106317392001095,0
12.211742850377222,54.638016528925625,0
12.102724652973526,62.61028571428572,0
11.448530231493187,69.1405885197054,0
12.211742850377222,49.84699737543065,0
11.775670060762446,57.19653270291568,0
11.557548428896876,70.19761699760635,0
12.102724652973535,55.73307905219447,0
11.884688258166141,73.90462412785752,0
11.775670060762446,62.70493602910124,0
12.32076104778092,59.955008071489814,0
11.666651863358748,53.86190401680935,0
11.993706455569837,48.12753421825459,0
12.102724652973526,52.57633449873624,0
11.993706455569829,56.19182294246056,0
11.884688258166141,61.211237728299494,0
11.775670060762446,75.78228315620802,0
11.775670060762446,62.63892247480102,0
11.666651863358748,50.618685192391325,0
11.775670060762446,55.79930061926537,0
12.102724652973526,69.36842218311322,0
11.775584823704278,63.51575772182502,0
11.666651863358748,56.008942470960726,0
11.666651863358748,51.979163310214446,0
11.448615468551363,76.42326635741696,0
11.557633665955052,57.59887839433294,0
11.448615468551354,83.5,0
11.448615468551354,67.53688524590163,0
11.339597271147667,60.328446290956364,0
12.102724652973526,60.4010330574862,0
10.903439244474713,74.88372674280865,0
11.230493836685804,61.4729278617116,0
11.557633665955052,83.33432480666269,0
11.448615468551354,65.65369973615378,0
11.557633665955061,62.20181405895692,0
11.775670060762446,62.90341308937368,0
11.23057907374397,65.32197532699168,0
11.884688258166141,61.31226073081418,0
10.031123191128817,55.969613232766136,0
9.485946967052167,78.78819908522613,0
9.485946967052167,62.68299319727891,0
8.940855980033701,64.6925788497217,0
8.722819585226308,79.6888429752066,0
8.504697953360747,64.8865310264421,0
8.395679755957051,61.522948286056305,0
8.395679755957051,71.67840889818532,0
8.831837782630005,88.41429391807824,0
7.959521729284107,57.412091648692225,0
9.703983361859558,91.94044726838538,0
9.049874177437388,70.84480615355469,0
9.158892374841086,90.61685096337456,0
9.376928769648469,77.74061815083081,0
9.049874177437397,67.92110855497762,0
9.267910572244782,75.93713165871745,0
9.594965164455864,58.57540196314585,0
8.504697953360747,74.77626014048279,0
8.286576321495188,69.20758928571428,0
8.722734348168132,65.52933673469387,0
9.267910572244782,78.55047895226467,0
9.267910572244782,78.36981801267515,0
9.376928769648469,66.16734693877551,0
9.376928769648469,58.20074829931973,0
9.267910572244782,78.49037037037037,0
9.376928769648469,71.02308855165998,0
9.485946967052167,70.27382841962023,0
9.485946967052167,66.82460343862974,0
8.94085598003369,63.15270213964317,0
9.158892374841086,64.94187641199909,0
9.158892374841086,56.05027406141333,0
8.395594518898875,72.86263940210776,0
8.831837782630005,71.02274532731298,0
8.831837782630005,64.50378177586825,0
8.395679755957051,53.483999801644686,0
8.940855980033701,59.305953120135925,0
8.722819585226308,75.78705675597351,0
8.831837782630005,55.684115020808164,0
8.722819585226308,68.04755549143654,0
8.831837782630005,61.25590942105192,0
9.049788940379223,65.96733238255348,0
9.485946967052167,64.41127711566298,0
9.376928769648469,56.676743220351085,0
9.049788940379223,71.1571904257112,0
9.158892374841086,72.1710865472449,0
8.722819585226308,67.4397390396285,0
9.158892374841086,64.99068750518347,0
8.831837782630005,57.91612413194444,0
9.049874177437388,95.3934300199468,0
9.376928769648469,87.36036349875509,0
9.049874177437388,73.10834818415384,0
9.485946967052167,56.03786779105664,0
9.376928769648469,67.6741440377804,0
9.267910572244782,68.13310453854159,0
9.594965164455864,53.71776623002527,0
9.158892374841086,71.23034387314169,0
8.940855980033701,61.55660942852552,0
9.376928769648469,51.84604267238318,0
8.613716150764445,59.61387264196112,0
8.940855980033701,64.31740366864196,0
8.722819585226308,51.9279511957849,0
8.177643361149668,58.71363409083952,0
8.722819585226308,64.42587923430251,0
8.831837782630005,54.43817836597047,0
8.94085598003369,56.751148667659876,0
8.504697953360747,59.91045918367347,0
9.049874177437388,61.64608712923729,0
8.177643361149658,60.604670284787176,0
9.158892374841086,69.24624461914232,0
8.831837782630005,83.61239866574525,0
8.831837782630005,64.35191037058317,0
8.831837782630005,64.0,0
8.395679755957051,62.86869918699187,0
8.831837782630005,51.42693691396845,0
8.504783190418914,62.07821515049768,0
8.395679755957051,60.662789767276934,0
8.395679755957051,53.62971881668878,0
8.831837782630005,70.78870609415789,0
8.940855980033701,97.42668106940317,0
8.504697953360747,65.0419520547945,0
8.504783190418914,55.998323828923205,0
8.504783190418914,58.51408723281735,0
8.722819585226308,59.54832953262338,0
8.06862516374597,70.18811416299073,0
8.613801387822612,51.24658826186902,0
8.286661558553355,66.98701825944141,0
8.06862516374597,73.90148991339902,0
8.613801387822612,54.367878073778144,0
8.722819585226308,56.63807716693403,0
8.395764993015227,67.80642434488588,0
8.722819585226308,54.540297561839026,0
8.286661558553355,51.614756951758,0
8.06862516374597,48.69267158472509,0
8.286661558553364,50.36306063630438,0
8.177558124091492,54.5335627098265,0
8.177643361149668,49.37011137289835,0
7.4143455052074625,56.18893095366865,0
7.850418294822235,64.9000098649573,0
7.959436492225931,48.34400659973864,0
8.068454689629624,40.678953502957725,0
7.850588768938586,47.67014404848352,0
8.286661558553355,54.268445258947295,0
8.177558124091492,65.33303631098241,0
7.959436492225931,66.6935445891455,0
8.504783190418914,62.12876847984388,0
8.177558124091492,88.36201562756193,0
7.523363702611154,92.49058008540031,0
8.395764993015227,81.86664172823343,0
8.06862516374597,79.29671607090962,0
8.504783190418914,59.80516634534979,0
7.959606966342278,47.188335906182104,0
8.177643361149668,51.628132323778615,0
8.395764993015217,53.427254098360656,0
8.177643361149668,58.873902624742456,0
7.959606966342278,61.319786291671576,0
8.177643361149668,55.82602633997578,0
8.177558124091492,58.84374274436963,0
8.395764993015227,63.12098313535922,0
8.504783190418914,52.82245689719738,0
8.177643361149668,54.888203837684806,0
7.959436492225931,65.20352312047814,0
8.286661558553355,52.1402170493866,0
7.850503531880406,47.76744548489607,0
8.177558124091492,61.32525282553367,0
8.286661558553355,59.24312685181671,0
8.395764993015227,62.42784213262048,0
8.395764993015227,60.035855170470555,0
8.286661558553355,60.47950909489371,0
8.395679755957051,57.79155317616856,0
8.504783190418914,49.015268992722575,0
7.74157057153489,68.80477729885057,0
8.395679755957051,55.337488852556476,0
8.395764993015227,53.89219183511693,0
8.068539926687794,71.1917419018131,0
8.613801387822612,70.17659619346074,0
7.6324671370730215,62.02445369406868,0
8.177643361149668,63.238573601216686,0
8.504783190418914,59.82994597375869,0
8.395594518898886,56.7199515340631,0
8.504783190418914,60.33964411374718,0
7.959606966342274,59.16933859029433,0
7.741400097418543,51.5065690342952,0
8.28674679561153,70.28828356934031,0
7.850418294822235,62.78117884399497,0
7.52344893966933,63.95256294628881,0
7.632467137073026,84.91341707569103,0
7.850333057764064,58.49069259734018,0
8.177643361149668,73.40390787734337,0
8.395679755957051,61.3671875,0
8.177558124091492,60.0,0
8.177643361149668,60.923828125,0
7.959436492225931,60.15646033653847,0
7.959521729284103,55.98343195266273,0
8.286661558553355,71.98795266272188,0
7.632467137073016,65.88685714285714,0
8.177558124091492,61.092398605011624,0
8.395764993015217,51.41596732427949,0
7.850333057764064,59.50555374133215,0
8.177643361149668,67.77227521364392,0
8.504783190418914,60.06916162448027,0
7.850503531880411,56.87010962659235,0
8.395764993015217,53.34908624081072,0
8.06862516374597,48.55665895889139,0
8.068539926687794,52.541176038813674,0
8.286661558553355,48.718218520092414,0
7.850588768938581,51.29743362016238,0
7.850503531880406,67.53939435757226,0
8.395764993015227,70.00343074902881,0
8.068539926687794,51.49244973279856,0
8.177643361149668,50.91082388248098,0
8.177558124091492,60.251335482513895,0
7.9595217292840985,64.21148740819112,0
8.068539926687794,58.03109960242729,0
8.0685399266878,62.39730144014114,0
7.850418294822235,54.71734762847557,0
8.286661558553355,61.042756777022504,0
8.286661558553355,76.45009128400737,0
7.741400097418538,59.45313524858979,0
8.068539926687794,53.56447851297828,0
7.959521729284103,52.193358516613145,0
7.959521729284107,62.65578618558292,0
8.0685399266878,50.0054841939679,0
8.286661558553355,57.809712599333295,0
7.959436492225931,56.978518378949225,0
8.068539926687794,64.61880635579293,0
7.959521729284107,99.26410275583274,0
8.28674679561153,65.36717838974837,0
8.28674679561153,65.74394463667821,0
8.068539926687794,68.33803675761528,0
8.28674679561153,62.561884193587034,0
7.959436492225931,52.03889817486694,0
8.395679755957051,68.01012325888152,0
7.850333057764064,73.16842450246995,0
7.850418294822235,94.65419501133786,0
6.978187478534508,78.67857715476764,0
6.651132886323422,71.75114315902076,0
5.778902070035701,63.034843012971706,0
5.997023701901266,70.04170846952975,0
5.342658806304582,69.97759237497195,0
5.4517622407664454,68.0922140060896,0
5.015689451151667,70.08351457155285,0
5.124622411497188,72.26979586070495,0
5.124537174439013,75.70107692307691,0
5.124537174439017,79.49148138297872,0
3.816233568536513,82.1073298831854,0
4.252391595209467,83.47235617139373,0
4.579446187420547,82.35311909262761,0
4.143373397805769,75.37403431180226,0
4.2523915952094615,70.33517038891029,0
4.361409792613159,73.05572448979592,0
4.361409792613159,55.8404776119403,0
4.688464384824234,55.6616168411673,0
5.4517622407664454,51.11121625297737,0
5.342658806304573,64.28692677514792,0
5.560780438170141,65.8728680821441,0
5.233725845959055,94.92088204582215,0
5.669883872632004,78.22388927335639,0
5.888005504497569,71.10283620829154,0
5.997023701901266,74.89775600981807,0
6.651132886323428,68.87362354116524,0
6.215060096708655,64.52422904000795,0
5.997023701901266,70.90815676991855,0
6.106041899304958,74.20434699982735,0
6.106041899304958,70.69606945686095,0
6.106041899304958,68.83871990271255,0
6.433096491516039,67.75311390059102,0
6.215060096708655,74.14310908851076,0
6.542114688919736,68.48730823363827,0
6.324078294112347,66.25835679099225,0
6.433096491516039,68.98828887443071,0
6.651132886323432,71.69850143644692,0
6.433096491516039,71.69887754108697,0
5.778902070035701,65.55933889208455,0
6.433096491516039,57.285926036701184,0
6.215060096708649,63.49793905323328,0
6.433096491516039,51.74347638187621,0
6.651132886323432,51.5990330016304,0
6.324078294112342,58.4804962598066,0
5.99693846484309,64.95445079868387,0
6.542114688919736,73.40391187632018,0
6.215060096708655,55.0098229405696,0
6.76015108372712,55.56975777662726,0
6.542114688919736,50.40211571095357,0
6.323993057054171,53.562072972259685,0
6.760151083727124,61.094363966922764,0
6.542114688919736,62.808185421061076,0
6.214974859650479,58.24369415093642,0
6.542114688919732,48.95429370051859,0
6.215060096708649,56.79926003983212,0
6.214974859650479,72.02157750939213,0
6.433096491516039,54.05953927852575,0
6.433096491516039,50.26822410991076,0
6.542114688919732,64.1926891628236,0
5.996938464843086,60.78731728581322,0
6.106041899304958,59.554019928100345,0
6.106041899304958,54.98521619849421,0
5.997023701901261,55.8220022287828,0
6.324078294112342,53.76225490196077,0
6.542114688919736,53.66753472222223,0
6.324078294112342,57.86277047340786,0
6.324078294112342,51.26505129031493,0
5.887920267439394,57.58148885105336,0
6.106041899304958,88.43399252409472,0
6.869169281130812,90.47458206528536,0
6.651132886323422,55.380261371495905,0
6.760151083727124,66.29014605349371,0
6.978187478534508,50.701476455861396,0
6.76015108372712,72.92627462747782,0
6.76015108372712,52.01608747084711,0
6.651132886323432,49.15575255416981,0
6.869169281130817,58.22661248540754,0
6.433011254457868,58.79279926239272,0
6.869169281130812,48.104554064571786,0
6.651132886323428,44.40108401084011,0
7.0872056759382005,51.547547501741434,0
6.978187478534508,68.2547043585698,0
6.760151083727124,55.58017511010757,0
6.869169281130817,46.796069331432626,0
6.433096491516039,60.428189677397256,0
5.887920267439394,54.08718672553945,0
6.433011254457862,46.75161551556019,0
6.76015108372712,55.58821246817352,0
6.978187478534508,64.64655937605342,0
7.087205675938205,60.58074827020174,0
6.651132886323422,82.75839631025036,0
6.76015108372712,55.436557371312595,0
6.651132886323432,48.76401384083045,0
6.760151083727124,55.29661964333245,0
6.433011254457868,56.24890494121263,0
6.869169281130817,49.600049167919344,0
7.0872056759382005,73.34281487086136,0
7.196223873341897,67.63512437507168,0
6.978187478534508,53.67735480736823,0
7.30524207074559,68.13547301551566,0
7.4142602681492855,60.74367939752555,0
7.0872056759382005,65.40235643262987,0
7.087205675938205,94.3644571109694,0
7.196223873341897,69.98746535651298,0
6.76015108372712,64.34412283431891,0
6.978187478534508,50.55081378956811,0
6.433096491516039,61.65259515570934,0
6.760065846668949,68.92905206715561,0
7.4142602681492855,54.30097632637728,0
7.0872056759382005,62.62646446176612,0
6.6510476492652515,64.33983833484399,0
6.869169281130817,59.60087284268994,0
6.869169281130817,64.5536244374222,0
7.196223873341897,57.95485013884898,0
7.30524207074559,53.33498677248677,0
7.196223873341897,56.87830687830687,0
7.30524207074559,59.42579830439638,0
6.978187478534513,57.326970589230726,0
6.978187478534513,59.714858543105365,0
7.087205675938205,64.6890357783906,0
6.869169281130812,62.74036680719202,0
6.651132886323432,57.782475237925794,0
6.869169281130817,52.364470621219446,0
6.433096491516039,48.34474746195404,0
6.978187478534508,53.42180008285798,0
6.105956662246782,53.827710514247514,0
6.433096491516039,56.569755389718075,0
6.760151083727124,58.394088623254014,0
6.76015108372712,74.53512708091691,0
6.978187478534508,67.82030755383559,0
6.54202945186156,65.88630619558323,0
6.869169281130817,65.43639140419488,0
6.542114688919736,67.79413632823737,0
6.542114688919736,67.42599492226088,0
6.433096491516039,55.119889419407684,0
6.978187478534508,50.791005714896116,0
6.76015108372712,54.00203466905387,0
6.542114688919736,54.684807089698396,0
5.778816832977526,52.77797186140312,0
6.215060096708655,55.20675199288596,0
6.542114688919736,54.73177431801929,0
6.105956662246786,46.85615283947252,0
6.542114688919736,59.64230105626394,0
6.76015108372712,65.84659567652335,0
6.76015108372712,51.99716553287982,0
6.651132886323432,49.904761904761905,0
6.214974859650479,62.847900029577055,0
6.542114688919736,73.75780255391382,0
6.760151083727124,57.39920994566021,0
6.542114688919736,60.095240530232346,0
6.542114688919732,58.59856983025364,0
6.651132886323428,65.01336265814635,0
6.54202945186156,75.22300059750981,0
6.651132886323428,59.728590058612966,0
6.76015108372712,52.16003891752779,0
6.869169281130817,58.75598615916955,0
6.76015108372712,70.76966982922201,0
6.214974859650479,56.83329032258065,0
6.76015108372712,53.41364705882353,0
6.433096491516044,59.125670283267844,0
6.869169281130817,58.98600741877,0
6.651132886323428,49.28844952088042,0
6.869169281130812,54.16426869775345,0
7.087205675938205,48.179226235948924,0
6.76015108372712,54.81988249845393,0
6.869169281130817,56.18948670377242,0
6.323993057054176,63.49478622027323,0
6.651132886323428,63.87478203729005,0
7.0872056759382005,61.01452896211164,0
6.76015108372712,51.0947097248165,0
6.76015108372712,51.09730848861283,0
6.76015108372712,64.11611241850238,0
6.869169281130817,67.05921995619897,0
6.978187478534508,47.17888100866824,0
7.196223873341897,44.771635214266674,0
6.869169281130817,54.28187545202715,0
6.869169281130817,66.1997257123621,0
6.433011254457862,60.99967957411566,0
7.087205675938205,56.01812520265324,0
6.978187478534508,79.13232652523114,0
6.978187478534508,58.83478565782514,0
6.323993057054176,56.670836855452244,0
7.196223873341897,47.05205691744154,0
6.760151083727124,45.75057670126875,0
6.760151083727124,57.974888779041024,0
7.4142602681492855,59.000962931964224,0
6.105956662246782,52.26363636363636,0
6.869169281130817,59.35606695682608,0
7.087205675938205,71.02547513971618,0
6.651132886323432,76.99983283267382,0
6.869169281130817,50.2622832477125,0
6.76015108372712,59.96521774976877,0
6.105956662246786,73.42162284351743,0
6.978187478534508,64.86918721151171,0
6.869169281130817,61.712163380685666,0
6.760151083727124,62.025338723187254,0
6.869169281130817,53.693705670914845,0
6.651132886323432,65.20185867649414,0
6.651132886323432,63.70446428571428,0
6.651132886323432,58.17436755952381,0
6.651132886323432,60.57467344576719,0
6.651132886323432,60.43909143518518,0
6.542114688919736,65.31374983785886,0
6.651132886323428,65.99897988497322,0
6.869169281130817,61.38239186817283,0
6.542114688919736,62.36236505013773,0
5.669883872632004,63.62908860781441,0
6.869169281130817,62.274193548387096,0
6.215060096708655,61.60049627791564,0
6.542114688919736,59.672282060371394,0
6.869169281130817,59.4317705600528,0
6.323993057054171,52.940664108056275,0
6.542114688919736,59.831643645454484,0
6.433096491516039,72.98023971493359,0
6.869169281130817,59.850432498855504,0
7.196223873341897,54.23773722069177,0
6.869169281130817,55.73893854927592,0
6.542114688919736,53.799890140094575,0
6.324078294112342,51.3831917624598,0
6.215060096708655,53.65500773987884,0
5.669883872632009,52.441471571906355,0
6.433096491516044,52.29689379302301,0
6.324078294112342,61.07579741294925,0
6.433096491516039,67.36337493946081,0
7.087205675938205,57.474110402065854,0
6.76015108372712,55.79959535790685,0
6.760151083727124,51.51125025452639,0
6.433011254457868,49.90259024377761,0
6.651132886323432,57.120946561143015,0
6.869169281130817,63.46667873150134,0
6.542114688919736,62.1333595451514,0
6.978187478534508,59.23580470203539,0
6.651132886323432,60.42704726145888,0
6.542114688919736,46.92342430911122,0
6.760151083727124,41.66844541258358,0
6.542114688919736,45.01628808864266,0
6.433096491516039,57.586072795207116,0
6.651132886323432,77.87034396971336,0
6.214974859650479,62.91043540605163,0
6.433096491516039,87.52838484201136,0
6.76015108372712,58.18551039232611,0
6.542114688919736,50.294153846153854,0
6.214974859650479,51.22650064316954,0
6.869169281130817,53.08176565177663,0
6.433096491516044,48.85018113573075,0
6.433096491516039,67.707619999808,0
6.324078294112342,62.49425637799341,0
6.542114688919736,58.70819185781928,0
6.760151083727124,62.02501919342456,0
6.214974859650479,62.368196405140935,0
6.433011254457862,57.62927032065695,0
7.087205675938205,57.95932349604888,0
6.76015108372712,58.730237156234686,0
6.869169281130817,56.48314367786021,0
6.869169281130817,49.861787489142344,0
6.651047649265257,53.05597268113775,0
6.978187478534508,56.06739882653828,0
6.651132886323432,65.3797290627582,0
6.978187478534508,71.03199583096433,0
7.087205675938205,64.01763378535752,0
6.651047649265257,90.62604374241394,0
7.087205675938205,78.02563934289019,0
7.196223873341897,53.958333333333336,0
6.433011254457862,70.33203125,0
6.978187478534508,46.524405991735534,0
6.978187478534513,51.553003520048975,0
6.433096491516039,65.22572494975596,0
7.196223873341897,51.09625489921145,0
6.6510476492652515,50.34947620010492,0
6.760151083727124,52.64264264264264,0
7.087205675938205,59.828117488590465,0
6.869169281130817,65.78319311580496,0
6.433011254457862,51.57068897152186,0
7.4142602681492855,51.69176754476986,0
6.6510476492652515,53.935451227747734,0
7.196223873341897,47.60901986051824,0
7.087205675938205,59.65802119495186,0
6.323993057054171,55.06699943471936,0
6.978187478534513,44.91614975896706,0
6.869169281130817,56.240735628278365,0
6.542114688919736,71.36994561791981,0
7.087205675938205,53.110509509926416,0
6.76015108372712,53.06516873278236,0
6.869169281130817,72.27882125268877,0
6.869169281130817,53.38078136502735,0
6.651132886323432,50.69777747405243,0
6.542114688919732,56.69159046082123,0
6.76015108372712,57.97857560140439,0
6.6510476492652515,45.90762895597604,0
6.978187478534508,47.95930165337033,0
6.76015108372712,55.093243883241286,0
6.651132886323428,63.10034951850563,0
6.323993057054171,76.65944909382465,0
6.542114688919732,83.53627246476397,0
6.215060096708649,75.68823481912145,0
6.215060096708655,51.35456896233836,0
6.215060096708645,65.33618660212888,0
6.542114688919736,58.76811415057266,0
6.542114688919736,50.26226608866492,0
6.542114688919736,64.80705616945356,0
6.651132886323432,61.368334013536035,0
6.542114688919736,59.235335420971076,0
6.433096491516039,57.47667100694444,0
6.869169281130817,91.6879873294347,0
6.651132886323428,86.90947479805719,0
6.214974859650479,58.109402998256094,0
6.542114688919736,53.151464263070416,0
6.760151083727124,52.845615922539,0
6.978187478534508,61.74316230260287,0
6.978187478534513,66.76700179730483,0
6.542114688919736,54.5130981079699,0
6.869169281130817,53.631356888336946,0
6.433011254457868,62.61216176677344,0
6.76015108372712,52.55377220140134,0
6.869169281130817,55.718388463418606,0
6.651132886323428,55.598927070828324,0
6.214974859650479,59.320716324439616,0
6.978187478534513,62.022425602691115,0
6.542114688919736,58.76900805684453,0
6.869169281130817,56.486013747570716,0
6.869169281130817,59.5835385193775,0
6.76015108372712,57.4308824126411,0
6.978187478534508,55.6329803773976,0
6.978187478534508,51.7230381464786,0
6.323993057054176,69.82774490466798,0
7.30524207074559,72.19457774060783,0
6.542114688919736,55.93373779913208,0
7.196223873341897,52.54353170738307,0
6.651132886323422,59.4331324567811,0
8.286491084437012,54.789692982456145,0
5.888005504497569,74.8578947368421,0
5.015604214093491,93.66932062298605,0
4.6885496218824105,70.91836734693877,0
4.579446187420547,69.4047619047619,0
4.579446187420547,71.70628563517492,0
3.7073006081909923,69.60688316030519,0
3.9253370029983814,59.0720527619375,0
3.7073006081909923,93.9923168497937,0
3.9253370029983814,78.39166888474846,0
3.816318805594684,75.10760083160082,0
3.5982824107873,62.51071605968903,0
3.5982824107873,88.55731944148931,0
3.5982824107873,78.01120810089199,0
3.1619539099979996,67.61008907383702,0
2.7258811203832227,73.0300694298168,0
3.052935712594308,87.24840131634136,0
2.616777685921359,95.09974855185678,0
2.2896378566520976,58.19347165740546,0
2.180704896306577,69.68189554753243,0
2.2897230937102737,73.63694955214302,0
2.180704896306582,74.8513887347656,0
1.6356139092881072,71.47248542274052,0
1.853650304095501,70.10897625102169,0
2.0716866989028846,69.07419884852663,0
1.744632106691804,57.4070506462393,0
1.962668501499193,66.32411052895668,0
1.9626685014991883,70.27753097443912,0
1.6356139092881072,57.99281853893544,0
2.180704896306577,55.39042545643743,0
1.5265957118844105,60.561280174627626,0
1.4175775144807232,73.8147649001253,0
1.4175775144807232,77.22835203910418,0
0.9814194878077699,64.43745773457312,0
1.5265957118844153,96.20828402366863,0
2.6168629229795304,73.74236357644662,0
2.398741291113966,63.832207222048844,0
1.6356139092881121,77.99586151947383,0
2.944002752248782,83.76445109281508,0
2.5077594885176624,73.67686955211133,0
2.289723093710269,69.28006809621087,0
0.2181216318655646,72.56779442298517,0
0.9815047248659456,109.5597555454957,0
1.0904376852114666,78.02329881656806,0
0.21812163186555986,70.87182700176255,0
0.0,82.34245153754122,0
0.5451762240766455,80.7737930084927,0
0.8724012904040731,73.24180455766671,0
1.744632106691804,99.98592369228354,0
1.6356139092881072,86.94218791589033,0
1.6356139092881072,108.41223229895104,0
1.8536503040954961,75.22501778809621,0
1.5265104748262444,62.7986952210618,0
1.5265957118844153,61.64626308379752,0
1.8536503040954961,57.56259712062581,0
2.6168629229795255,57.33473271661606,0
4.906500779631624,91.28780487804877,0
2.7257958833250515,62.40282574568289,0
0.6542796585385132,86.03896666185597,0
1.962668501499193,59.55909659138261,0
0.8724012904040731,56.196642708261436,0
0.5451762240766407,62.34132117070607,0
1.4175775144807232,65.42137228239015,0
1.3085593170770264,67.99134363852556,0
2.0716866989028846,76.58,0
2.180704896306582,77.16266666666667,0
1.9626685014991883,83.25104491725767,0
2.0716866989028846,83.29353105523319,0
2.289723093710269,74.76767676767676,0
2.180704896306577,69.80709462567387,0
2.7257958833250515,61.74022058769584,0
2.8348140807287434,55.41444007565802,0
2.507759488517658,55.87521520696757,0
2.7257958833250466,49.80907560453015,0
2.5077594885176624,64.98649691358024,0
2.6167776859213543,62.80068479938272,0
2.7257958833250515,61.76769301470589,0
2.3987412911139705,50.10377477194086,0
2.94383227813244,62.42497508782504,0
2.5077594885176624,56.919792215157315,0
1.5265957118844105,74.08376562628341,0
1.4175775144807232,65.11565310578291,0
5.887835030381223,65.39943665348196,0
8.940855980033701,46.13906632648581,0
8.504783190418923,55.44520518599131,0
7.523448939669326,61.91193793224659,0
7.741314860360371,55.30843595757992,0
7.850333057764064,71.49907190586785,0
7.741314860360371,69.76100512826272,0
7.850418294822235,65.32636194973858,0
6.542114688919732,68.25141933376372,0
5.778902070035701,63.27020380145191,0
6.651132886323428,65.42490386917805,0
5.778902070035701,64.0864843675189,0
5.997023701901266,59.85531556372549,0
6.215060096708655,50.382809922447095,0
5.997023701901261,73.91448970730042,0
5.778902070035701,58.206662166850336,0
6.324078294112347,52.00531580051759,0
5.997023701901266,70.26528258362168,0
4.143373397805769,62.30881208798063,0
2.5077594885176624,51.637203607515445,0
3.1619539099979996,74.4556193519019,0
3.38007554186356,93.72075257931256,0
3.816318805594689,88.72745421040877,0
3.9253370029983814,71.9225543478261,0
4.361409792613159,66.63891883259473,0
4.143373397805769,50.61502605554232,0
4.034355200402079,54.947416552354824,0
4.143373397805769,59.10511363636363,0
4.143373397805769,58.18181818181818,0
3.7073006081909923,60.31680440771349,0
3.9253370029983814,56.161109642761694,0
3.5981971737291247,54.106954615694704,0
3.9253370029983814,62.13597756410257,0
3.816318805594689,57.663462232963866,0
3.4891789763254275,54.008011426617315,0
3.4891789763254275,53.82592841357871,0
3.7073006081909923,56.1474086326402,0
4.252391595209467,59.11340936732866,0
4.797482582227932,55.12718301419889,0
4.361409792613159,75.21519220565946,0
4.143373397805769,63.925728470297,0
4.470427990016855,57.1340193656801,0
4.143373397805769,54.60757907275271,0
4.470427990016851,55.667397194639406,0
4.361409792613159,58.16313613383993,0
4.470427990016851,63.898620848478515,0
4.906500779631628,68.81260921575617,0
4.034269963343897,69.1616587957497,0
4.579446187420543,67.66822118211007,0
4.797482582227932,57.8168755587559,0
4.034269963343902,54.45538381032886,0
4.906500779631624,55.17274187452759,0
4.797482582227932,58.880518150943786,0
4.797482582227932,54.95162600364441,0
5.23364060890088,61.70825270942477,0
4.361324555554982,66.16715936576189,0
4.47034275295868,75.59722419588194,0
4.906500779631628,53.50029716045695,0
3.9252517659402053,55.01071615015526,0
4.797482582227932,57.0159922792878,0
4.797482582227932,55.20347695785476,0
4.797482582227932,61.38018578239621,0
4.906500779631628,59.81443726411787,0
5.0156042140934955,56.92993379931703,0
4.7974825822279366,60.63028304958871,0
5.233640608900885,58.40229395049185,0
5.015518977035316,55.448426672142084,0
4.470342752958675,55.06064352226923,0
5.01551897703532,49.561242656997514,0
4.68846438482424,48.499173437445044,0
4.68846438482424,52.845615922539,0
4.579446187420547,57.25992412371251,0
4.579446187420547,56.844206804251485,0
5.124537174439013,56.74457529284197,0
5.233555371842709,47.23385297275951,0
4.252306358151291,48.293805318007244,0
5.124537174439013,60.864099759709234,0
4.797482582227932,51.7406099918132,0
4.579446187420547,47.26352733240753,0
4.7974825822279366,58.9059709666975,0
4.797482582227932,68.1216038966361,0
4.906500779631628,54.83847721979497,0
4.361324555554978,69.507697365674,0
4.797482582227932,61.152440471559174,0
4.68846438482424,56.50421811217112,0
4.906500779631624,54.68098838183089,0
4.906500779631624,59.199012838734035,0
5.015518977035316,55.38546031529544,0
5.342658806304573,49.31874514064769,0
5.015518977035316,72.50441237784386,0
5.01551897703532,65.67613714567833,0
5.0156042140934955,55.3434625898079,0
5.233640608900885,46.70562624357952,0
5.6699691096901805,68.43834998016918,0
4.797567819286107,65.1523180571459,0
5.342829280420924,56.53347085440512,0
5.4517622407664454,58.08150621274562,0
5.560780438170137,52.60971429337657,0
5.560780438170137,64.24088238083249,0
5.6699691096901805,68.0619407903456,0
5.560865675228317,60.827685947569556,0
5.778987307093877,58.4310783016976,0
5.4517622407664454,55.970928442344245,0
5.560865675228317,56.57780385379482,0
5.015604214093491,55.32338308457712,0
5.669883872632004,55.38918577060424,0
5.669883872632004,70.60675351071691,0
5.669798635573828,69.00020408319844,0
5.233640608900885,50.956401384083044,0
5.560780438170137,65.59278621934706,0
5.233811083017232,98.3955297032496,0
5.560780438170141,81.67976008064517,0
5.888005504497569,65.7376332044058,0
5.669883872632004,67.21893222468734,0
5.778987307093873,57.46875,0
5.560865675228317,58.04239631336405,0
5.015689451151667,54.27920794086247,0
5.997023701901261,50.0822737592556,0
6.215060096708649,62.03202479338843,0
5.778987307093873,57.47362713201221,0
6.433096491516039,49.39561893383119,0
5.560865675228317,76.26296448546299,0
6.106041899304958,64.92648686540731,0
5.888005504497574,60.142978840086755,0
5.888005504497574,55.87603875656139,0
6.324078294112342,54.02821101218464,0
6.105956662246782,61.4341190908089,0
5.997023701901266,61.413522984951555,0
6.215060096708655,57.95256210840626,0
6.106041899304958,52.2217140590937,0
5.887920267439398,83.40023312920957,0
6.324078294112347,100.8926871421303,0
6.106041899304958,61.47296856276126,0
6.215060096708649,65.82494235764528,0
6.324078294112342,69.79899731260763,0
6.433096491516039,62.359174923780486,0
5.887920267439398,52.18774538964902,0
6.651132886323422,49.36109458655562,0
6.433096491516039,53.60593929815527,0
6.978187478534508,55.58548366678106,0
6.651132886323422,51.58230921459956,0
6.105956662246786,51.33335698481364,0
6.76015108372712,58.789188246084294,0
6.433096491516039,69.69050492863605,0
6.760151083727124,56.365784701394986,0
6.760151083727124,83.26514723378942,0
6.542114688919736,61.09151662049861,0
6.651132886323432,78.04948719553865,0
6.651132886323432,63.873933465430156,0
6.76015108372712,60.531389877546815,0
6.869169281130817,60.83323431724338,0
7.196223873341897,52.44992347815422,0
6.869169281130817,48.88097430257943,0
6.542029451861555,62.66684788862521,0
6.869169281130817,76.57463869748155,0
6.651132886323428,61.9708378869329,0
6.978187478534508,64.27130230402543,0
6.76015108372712,57.24264072190209,0
6.869169281130817,55.02850173308589,0
7.4142602681492855,71.17705706410182,0
6.978187478534508,63.218981142315826,0
6.54202945186156,58.12154222319502,0
7.087205675938205,57.41542146966688,0
6.978187478534508,59.324441043385676,0
6.978187478534508,58.626419445025086,0
6.978187478534508,57.27905943730871,0
6.869169281130817,61.80790524533802,0
6.978187478534508,63.472267210532586,0
5.778902070035701,60.413349204995484,0
6.105956662246782,61.93651236536281,0
6.324078294112347,62.514696712018136,0
5.997023701901261,58.02526041666667,0
6.215060096708649,55.767352412046904,0
47.10233929481708,61.77700495827344,0
22.569835396658945,60.984013607072995,1
25.731959780773288,57.006818673146455,0
20.389215737410538,97.12835420465487,1
17.44529822221993,82.71258503401361,0
451.7475436646202,96.79794856364737,0
443.67908897499063,70.99965706286963,1
439.5358860513012,90.52510834201355,1
437.57330278686015,80.15463535474338,1
428.523513846481,77.75605889061556,1
471.05501589675305,73.75951454962149,1
520.7992778096526,65.74267707082834,1
512.9488595148302,84.29425349087003,1
504.22612516666214,81.12634527495209,1
528.7586290648203,100.08532380765848,1
529.1947018544352,96.81982500411752,1
506.62503693189245,90.12290950729465,1
515.1294791740788,86.06744888065845,1
568.7737626836991,75.30068521299464,1
573.3532941081779,88.38019742718437,1
541.6245663366778,84.95272540212146,1
519.9271322304229,96.04177407627733,1
506.62495169483435,79.12042280543173,1
507.60620070852565,82.43112947658402,1
525.7057785892841,100.77326137066396,1
545.549818102618,68.7891156462585,1
534.7554822926052,68.35714285714286,1
525.0515841678039,93.03401360544217,1
589.053960223706,77.56922769107643,1
629.0690938425848,99.66358602264435,1
679.2751701366675,62.36904096898222,1
738.7151474167839,71.82632230441932,1
682.2361350634931,85.38459085022933,1
668.1708271460782,87.07483163988658,1
726.3944716060612,59.05651324728261,1
674.8217043212271,65.68103696538279,1
614.1994038071886,79.11322318371352,1
611.2554010549399,55.98953438096282,1
624.0124053664517,79.53863898500578,1
743.8397698282811,95.30464226383602,1
764.5559549208443,65.81519778030963,1
703.1703565508636,83.14902387420307,1
651.9248143323573,109.35431394804166,1
628.9188209090253,57.036359527478176,1
628.3736446849487,57.05120195346164,1
666.2081586445792,36.42816470167498,1
658.5758619816223,38.94594007815893,1
636.987275598655,41.148660617631435,1
623.6853507742408,44.22703031151745,1
614.853598228669,60.70737010849086,1
614.5264583993996,58.24312109338703,1
615.1806528208799,51.40165112745079,1
620.305189995319,71.2411323559219,1
631.6447020294086,83.81654649114145,1
632.2988964508888,74.78147928994082,1
655.8501513353556,76.99715807269652,1
699.463226416789,85.96719628743824,1
681.7998065627036,104.85121161139202,1
655.631944466432,81.43476971960168,1
645.8189429071685,79.6521261026067,1
639.3860168897688,108.95888317335212,1
634.8065707023484,101.64570621670651,1
628.5916810797561,81.01978725070188,1
639.2769986923653,93.72830212740419,1
635.351746926425,95.2477058531746,1
636.8781721641931,87.24498559397162,1
641.4576183516136,84.03537455647961,1
639.9311078767872,66.43147061861332,1
670.242428607923,90.52686417742953,1
686.0521981579129,64.93817845150723,1
681.1456973782813,92.68889694565128,1
723.7776086830818,59.77159916056091,1
797.8111079301125,55.22422080174421,1
758.4908268094628,67.31315134058934,1
717.0582861502195,57.5514032241249,1
695.0336269776373,45.31713371219544,1
685.0025890235665,43.343477146217616,1
669.0836308020564,48.73433265738816,1
665.5946222998473,82.08638148958487,1
658.1804472687562,89.51374521979969,1
649.3487799602427,68.68715025024007,1
649.130658328377,67.00970624456357,1
656.3267969646608,77.51911691306417,1
649.7849379869156,85.20223487921399,1
651.2022597902218,71.27269818004935,1
702.9929782328051,69.23546815175774,1
805.157093314665,63.97865006115868,1
784.6587741427927,68.29802066293193,1
740.7183887579736,83.25863026299484,1
711.4975909491076,80.27701059762748,1
700.1581641520762,71.8277988917486,1
723.8183519968883,73.41400976730824,1
817.0416110987148,95.55533333333332,1
812.3531467138906,89.70721938154371,1
758.2727904146553,79.66559566880076,1
729.7061017902115,65.87070785961444,1
713.5691924109523,95.25346020761245,1
720.5473798894868,74.8878036643686,1
787.3846552631758,78.26520982795824,1
829.5804937783613,65.11373383088348,1
902.087397313508,83.40393543909602,1
861.8541420627635,55.2846916646056,1
823.8015917083255,72.38210986874088,1
814.3157299783315,108.76758926711179,1
879.2994402849833,96.6702470461869,1
980.2330731950532,81.15884950471417,1
913.9669713481835,71.79012345679013,1
876.5686154152262,73.09151547329171,1
870.789969056365,70.3575353559848,1
896.4126549285601,92.26987957681244,1
866.6466808956175,88.92674719067364,1
793.3243996619847,76.15238849038423,1
744.3165859317025,87.56341049989018,1
718.2575715587183,96.21722912383734,1
716.9491827157577,97.11624410989218,1
718.0396204009692,75.2073322529429,1
708.9898314605899,94.56341868591396,1
706.0459139453993,108.40079354538814,1
706.4820719720723,113.13089218864134,1
690.2361443954094,73.5146736819728,1
722.8370177461388,85.38679471788716,1
805.2660262750105,111.44953577829307,1
802.8672849838964,64.46664898614961,1
807.2286095394516,58.811601026578366,1
771.6839039105896,93.39039231005991,1
747.2605034468933,73.11849261849261,1
765.5780324854011,90.19172494172494,1
846.0443725127734,75.42946397493908,1
836.340474387972,90.84683608415963,1
791.8549980161346,60.84100639258694,1
770.0482900013013,89.6237903935253,1
766.341245104285,73.23891229125923,1
763.6154492209597,62.83834278512918,1
768.0857919739186,86.61157518041635,1
764.8147346294588,72.07920187196916,1
764.7058016691132,69.95010833228302,1
871.885180016834,61.526097400554775,1
953.114903137207,77.88636006176898,1
943.8470778020204,65.82673324150596,1
902.305433708315,93.2684748427673,1
855.6394229142875,74.8421026020471,1
827.2906854475928,75.16570445526168,1
820.3126684431746,68.95978688176224,1
851.1689096872124,75.77508029127002,1
864.6890413805503,64.04304211674668,1
833.6145932675888,71.6026409075535,1
835.1411037424149,88.0381985544561,1
910.1558520031376,88.87115383151087,1
910.8100464246178,80.6459666486389,1
860.6547714172065,84.255875,1
835.4682435716843,102.30993029300566,1
827.9449651061313,106.03008350989103,1
828.8171959224189,99.85245934649473,1
818.1320487839263,107.22487393650412,1
806.0293241309528,79.85381247702392,1
800.1415743376297,73.12976517907313,1
809.3002962383545,78.63967400599594,1
860.8729782861302,64.58924026967972,1
846.4804453023883,76.93695652173912,1
840.3746591142577,63.594258179238416,1
828.8171959224192,76.0823329242991,1
825.6553272494792,86.90658740371103,1
824.0197985772493,76.46778402678679,1
830.77977918686,96.49740278032687,1
938.9406622594469,69.0363558158358,1
974.4803389018766,60.92341708947845,1
923.779972907447,59.9249129308331,1
888.0170604096612,73.77169210040641,1
859.995633246352,76.81903034887861,1
840.8057881544985,82.39468105763942,1
837.0986580204238,58.18181818181818,1
837.8618706393079,52.60035419126328,1
836.226341967078,48.499622291006965,1
833.8276859130222,58.981433874879045,1
828.3760089093139,79.56094432363216,1
827.2857416982188,80.21967033401708,1
870.1356041607684,101.04116678342382,1
931.5213730048653,83.14800717877641,1
910.8050174381857,66.65400462323538,1
868.5001607255965,90.30525646741864,1
874.1700445982285,64.08520259089758,1
869.808549568557,69.5968537414966,1
849.5283520285502,69.3839852270474,1
839.6064175089415,109.34805860912272,1
826.5225290793346,69.99361346964594,1
826.4135108819311,83.61227206669236,1
846.6935379478217,73.26767016254968,1
839.0611560478067,86.41816236852556,1
824.6688787752392,74.03640929064659,1
819.4353234033965,63.799587370400346,1
827.503692855968,61.36811429961257,1
851.1639659378384,73.64078495391627,1
869.8086348056154,96.62134319411552,1
857.2697521259688,68.2743245322811,1
840.5878369967493,79.75833176956277,1
819.5443416008003,82.76695075757576,1
818.2360379948977,89.04377582644628,1
818.5630073500506,96.16820492270449,1
817.3636367044935,74.3326399873119,1
872.3163090570748,91.89753593880512,1
919.8547211415067,77.04752403231831,1
922.1444442352168,88.00893611882623,1
890.4158869378332,83.89743613146373,1
864.5749941967144,81.68532553490812,1
850.9458443059729,70.53987348229772,1
840.1515084959599,77.64956544196909,1
829.902434147082,83.08084239130436,1
827.7218144878336,95.73161438488438,1
817.5817583363593,64.19567827130854,1
812.4572211619202,58.84615384615384,1
809.5183326331617,72.7039994519777,1
807.6647675661245,78.3802020270582,1
802.1040723650125,81.12715789053107,1
800.3595254953789,81.31493956269213,1
796.8704317561118,59.479190029156385,1
790.110451146501,75.63098605302869,1
789.1291168957514,94.08375112178692,1
796.107304374286,70.17193803940657,1
814.4249186498515,66.55614319961079,1
833.0695022805705,64.5649851320314,1
961.3183733269831,66.02810362175853,1
1020.274289353733,74.83766814910273,1
956.9260224822531,66.35278861589384,1
911.3502788993203,72.46156900783564,1
916.6928524685669,92.04839140650637,1
957.1440588770603,99.4601956876509,1
945.5865956852216,98.62037622477104,1
917.456065087451,92.70215764380384,1
908.6243977789372,99.46226620269684,1
893.1415975841,72.09855211799196,1
869.0454221867313,77.70746223077839,1
854.6529744400475,86.83103792551664,1
851.3820023326457,108.09540037048687,1
859.3414388248716,98.68606847936658,1
846.4755015530142,56.39513462220476,1
837.8618706393079,57.12531740535549,1
822.4882591159908,61.565953351449274,1
814.7778853077474,57.65696704618943,1
809.0821746064888,82.16471434281655,1
814.0977788205823,81.87898709136013,1
827.9448798690731,88.84755041617788,1
809.3002962383545,76.62776470588236,1
798.1789910731886,87.52685714285714,1
797.7426625723995,77.60369389263563,1
796.8705169931699,88.70731970955092,1
794.798830294267,86.08746066665064,1
784.4408229850434,102.20135360266555,1
782.0419964568713,99.74989948642178,1
811.1538613053917,107.98765381544194,1
814.2067970179859,90.82731438912742,1
809.1912780409507,81.83422331731937,1
801.558981377994,101.12454263587938,1
795.1259701235363,67.34055000946893,1
789.6742931198279,92.0311090104413,1
790.2195545809627,71.03228600554633,1
793.7085630831718,86.53804904381948,1
781.2788690750453,77.067550673087,1
773.7555053724342,75.79366867797191,1
764.9238380639204,75.93292583350502,1
791.6368763842689,97.72616116314177,1
820.4216014035201,97.71256941711486,1
812.244213753545,87.80406842489062,1
837.8668996257402,82.9623910514619,1
850.5148005027902,65.95437679203913,1
826.2004182364977,73.38873155416012,1
822.9293608920378,64.28081922473132,1
813.0073411353709,78.93680334904721,1
811.2628795027955,95.32181648623808,1
801.0138051539174,75.61437296205963,1
789.5652749224244,74.53149003421913,1
791.5278581868653,87.98086420789781,1
795.9982861768821,105.70998714416896,1
785.422071998735,96.87855831037649,1
773.6464871750304,60.907051282051285,1
765.5780324854011,71.35738300161377,1
758.4908268094628,81.31102003269835,1
756.0920855183489,104.10707942698116,1
799.7053310738986,104.58596138021588,1
837.2127052042598,74.6653339795567,1
821.6209720490771,57.75257716512141,1
793.1633868590952,70.26719940933755,1
777.2445991117015,64.34061396394564,1
769.7214058832068,69.71923314780457,1
777.0264774798361,77.2509613786381,1
779.9703949950265,68.1453296405441,1
766.8864213283617,64.56967144974551,1
756.6372617424254,60.70529428810063,1
749.4411231061415,73.60993531642622,1
754.4566420831769,61.3771135182579,1
760.8895681005766,55.55193043953177,1
755.0017330701955,66.63626243885983,1
746.9333636176241,60.519825340604555,1
739.9552613761475,59.309330059225324,1
739.9551761390895,65.04433722554052,1
725.2357590372528,87.300779839425,1
725.1268260769073,92.88641440498654,1
726.1079898535406,84.75282017046584,1
741.045613824301,62.68749636606779,1
746.1701509987399,61.528529163144555,1
735.7029550179964,91.13402970655717,1
726.4351296828097,98.34711017219388,1
724.3635282209651,78.38511771896259,1
728.6157493420582,95.89115646258504,1
790.110536383559,61.00000000000001,1
806.3563787231639,74.21134399705828,1
779.752358600219,109.87806968610539,1
760.3444771135582,87.55303209314314,1
743.7713244705677,71.36365161706306,1
732.1048430813254,88.12165216251209,1
726.3261114854062,102.97651605438111,1
735.2668822283816,74.72085044692203,1
797.960784204265,78.83008854424463,1
815.5151858609468,73.85775862068965,1
809.082259843547,78.68229166666666,1
797.0886386250354,68.16270833333334,1
777.3535320720471,77.91452173913044,1
811.4809158976028,67.4610851534263,1
848.6612354357528,62.6179518732086,1
831.2160224505913,62.338634423142125,1
803.8486192346461,78.31870983687594,1
797.52471141465,102.40194287433644,1
818.7861579683484,78.08319125278337,1
816.8235747039074,66.68908528412501,1
801.2318415487249,72.54613795745487,1
787.9298314872525,66.82807711679058,1
775.827106834279,105.5009848168632,1
770.375515067629,101.34290564172395,1
755.8740491235415,76.08364988614757,1
745.7339929720671,101.60275829081633,1
743.3351664438949,82.62711988494377,1
742.0269480750505,80.74647739306317,1
763.7244674183635,79.36144445612106,1
800.2505072979753,74.4406140002402,1
907.102916290543,79.83537126818273,1
947.7723295679605,69.91195465386267,1
909.6106757790609,85.48976086669309,1
869.3774205283165,93.41624322493224,1
847.6799011850034,87.57640365965901,1
828.7080924879573,75.39528451363061,1
822.1661482731538,74.29126674754744,1
825.1100657883445,80.56058935920046,1
828.7081777250154,96.07863910870469,1
860.0005769957262,87.01153559754144,1
881.6982668131554,86.50371485281141,1
889.9847578975924,91.65776910836199,1
905.3583694209096,86.71166407894802,1
881.6982668131557,52.66589286342373,1
858.9103950216893,60.470570855756044,1
846.4805305394462,77.10176715176715,1
863.0535979453786,98.72952077342498,1
872.6485631098344,75.23080925427777,1
852.6954201620388,77.96744704398236,1
838.5210940472206,94.5252202512978,1
830.8887973842637,104.1055778208555,1
854.5488999920178,106.93250794086116,1
888.5672656201701,81.91407237560043,1
925.9656215531273,103.78897430408418,1
917.5700270342287,80.72197148090005,1
900.2338322464706,52.04326923076923,1
881.5890781416355,51.90665064102564,1
867.4149225009336,89.44270833333334,1
910.5920100298104,93.69867021276596,1
952.4606234786685,104.45824468085107,1
928.1462412123758,117.13824077806893,1
902.0873120764496,93.09357103050854,1
887.1498585798056,101.28978523835397,1
891.6202013327644,71.55305377052781,1
924.4391110783012,55.18429230308475,1
1011.525557702822,62.393157232704404,1
1014.9316305474285,83.38689241845361,1
955.7265665996379,72.63638916179801,1
918.3283811407968,72.2328619649526,1
908.8425194108028,72.05402944711538,1
901.3191557081917,86.0118436358456,1
898.9204144170777,75.43110789781436,1
923.779972907447,67.52212205410375,1
939.3717060626294,95.78206835675446,1
957.3621805089259,84.72285714285715,1
998.0315937863435,72.2704081632653,1
979.3868396815083,67.15529859484778,1
995.9598218503824,80.5375215519498,1
1023.0,107.48128034287669,1
979.6049613133738,78.8342985842986,1
943.7329453811262,72.06697838840697,1
922.9075716170429,59.631416202844775,1
906.3346746852267,70.6254953159715,1
887.0358113959696,95.27236079617032,1
877.5499496659756,90.26314916210386,1
866.6465956585591,92.52099303135888,1
860.8678640626399,80.00763963480128,1
852.5813729782028,86.55295670899937,1
856.833679336354,79.89736519607844,1
918.3282959037386,88.02832825203251,1
940.4620585107828,66.72514331152261,1
926.614872225234,85.26408109507469,1
900.2287180229802,111.75570829828337,1
879.7306545622824,97.38394168391001,1
872.752552320806,91.16893065232219,1
864.1388361700416,83.38826772568598,1
856.2884178752194,86.48907910271546,1
849.310400870801,66.05758284207249,1
847.5658540011674,51.3841616368769,1
846.3664833556105,62.15137742301163,1
849.8555770948777,77.19974263516661,1
842.0050735629973,68.12692251764523,1
835.7902691774631,95.4090012551551,1
866.755699093021,94.4305119620341,1
900.010766865231,73.93935655875023,1
882.4565356826656,75.7006133276505,1
866.2105228689443,67.66032077318945,1
842.3322986293249,44.91433610481229,1
827.6127110533716,64.19753086419753,1
845.1671127100534,91.39329805996474,1
878.8583385089363,82.55668934240363,1
867.3007900800395,92.6985579355709,1
847.0206777770907,71.33193405920679,1
828.9211851333906,67.09969957851314,1
814.5288226237649,65.64620743398027,1
818.0489426522072,58.463694681445325,1
829.0352323172264,61.63649712732122,1
864.6890413805503,86.81152981759264,1
883.8788012353459,75.46248444132965,1
860.0005769957262,73.92963856000698,1
843.863667616467,94.79456343851547,1
830.7798644239182,71.61538732126002,1
823.8016769453837,83.91091174904261,1
838.6301122446242,77.22183939998796,1
864.7980595779541,65.83951139195443,1
858.5832551924199,50.13704521181916,1
846.6985669342539,74.24000000000001,1
835.7953834009535,97.52192117482545,1
821.5119538516735,101.3368804174645,1
811.8079704898139,68.35181203931205,1
807.2286947765097,63.02733011937557,1
802.2130053253579,72.0959629969731,1
821.293832219808,96.78880754139152,1
830.1254995283215,82.88694952883816,1
818.6772250080028,86.86011752421122,1
800.6867505617064,66.47931515599785,1
794.798830294267,98.13462752525254,1
785.9671629857535,73.56209150326796,1
781.9329782594677,75.55398630040253,1
773.2103291483575,78.01143987006569,1
770.1573934357632,83.83762200532388,1
774.3006815965108,67.36808901254263,1
783.4594034972356,70.57193424158581,1
773.9735417672416,77.11875851945057,1
767.7586521446493,94.67648600849446,1
760.5625135083654,100.33339504209951,1
753.2573566746781,99.747315990081,1
748.5688070527958,103.19034926112849,1
749.98621409316,91.57496137059013,1
750.8586153835643,88.87626295649555,1
743.8805131420879,76.11456075796733,1
738.9739271253982,79.91332545066795,1
745.7339077350089,79.48109001514845,1
776.2632648609518,105.00802089425571,1
780.2974495872377,78.87231797879873,1
768.739986395399,65.30065608993678,1
759.6901974550196,83.0687679706359,1
753.9113806220423,90.58166332289342,1
746.17015099874,63.56024817038844,1
736.3571494394768,86.09748992484965,1
726.43512968281,85.55326367969151,1
720.3292582576212,86.43474100862272,1
715.0957028857786,82.43670559623214,1
711.2794693172419,76.06525003011518,1
709.2079530924555,82.13645759180386,1
705.2827013265152,84.79584341166819,1
700.9214620080185,56.77662833567927,1
697.868441058366,63.50711066319532,1
695.905857793925,60.613568956994555,1
695.2517486095028,74.48225508690871,1
687.4012450776223,85.95609672440405,1
682.93107279878,77.8228251527884,1
677.4793105580136,87.54052473262031,1
695.7967543594632,101.5706672443872,1
702.1207474165172,91.88471645225614,1
695.3607668069066,84.17592743468578,1
694.8155053457717,72.731870291624,1
698.7407571117118,49.501251235478094,1
696.3420158205979,78.9395756774721,1
684.6755344313555,97.03559030894272,1
679.5508267828001,81.34191799988693,1
674.2082532135537,74.59712816813538,1
677.2611036890897,67.06034129068213,1
683.8033036150676,65.28497092133455,1
679.1148392302434,99.0414909765559,1
673.1179007654005,92.5296053495536,1
679.8780518491276,71.06573728486777,1
724.1454065890996,91.38184661551739,1
728.6158345791164,90.11552395056333,1
805.157008077607,102.79442106618816,1
871.4491924642774,80.72278405710887,1
839.0662702712971,97.15135807839157,1
801.2318415487249,93.54868249353265,1
778.5529027176038,69.29044048249845,1
768.8490045928025,58.91465477314166,1
765.2508926561317,54.37474350653767,1
753.0391498057545,65.40002628273297,1
740.7185592320898,68.85420910681147,1
732.2138612787292,70.53761578906295,1
731.8868066865182,81.90180903198278,1
723.4912974046773,91.31097560975608,1
716.2949882942772,86.47118786874657,1
710.7343783302235,62.839202834607505,1
700.9213767709604,86.02568859634395,1
707.35430278836,105.03680316342084,1
712.0427671731842,94.86030000843311,1
717.6035476113543,99.6152720385675,1
716.8401645183538,77.54936868686869,1
704.4104705102276,73.55439125080748,1
694.5975541880223,68.13503058381784,1
687.7283849068915,78.60470087169536,1
686.5290142613346,104.01050792327705,1
700.2672675865381,75.74776973984669,1
700.9213767709604,60.60420885664388,1
689.1457919472559,56.150333180147065,1
679.7690336517237,72.51313961413442,1
670.0650502898643,97.17611867622955,1
694.0522074898292,67.73720171614369,1
688.2734758939101,92.70394486897504,1
706.1551026169194,90.19980770386395,1
710.0801839087432,70.9642661944292,1
702.1207474165174,71.91961228936019,1
697.4322830316929,78.2084437378555,1
720.2202400602176,56.8137886255314,1
723.8183519968883,72.62222865465637,1
710.5162566983579,92.84102429645883,1
712.0427671731842,78.6247585934061,1
714.0053504376253,79.80490190113336,1
703.7562760887473,95.41224565249533,1
696.2329976231941,97.8118473090006,1
689.2548101446597,78.17210122288748,1
688.3825793283719,96.69971540304252,1
682.058756745434,63.398170493866,1
679.1147539931853,54.02903908867545,1
678.2424379398393,92.3011379483124,1
673.2269189628041,86.6877338590659,1
675.73476368838,92.45867346938775,1
675.5167272935726,66.39708651137222,1
670.5012083165373,58.53811940824928,1
661.7784739683691,58.682695865870905,1
658.9436598876404,58.42539012977498,1
652.4016304357788,64.65193899579185,1
645.8596862209754,71.54308411717281,1
640.6260456120746,78.41868531468532,1
635.2835572798864,77.98752185314684,1
638.07754280975,49.599099722991696,1
640.4762841008641,54.82686980609419,1
640.6943204956714,58.33605358661779,1
642.7660924316324,56.85160552725571,1
665.2269096308878,69.17877985213784,1
661.0837067071982,75.44430257750861,1
665.2268243938295,62.83774864294602,1
656.3951570853158,66.10598324008697,1
647.1273317501293,76.84462229879611,1
645.3827848804957,64.34301203060821,1
643.6384084849784,97.39225671920528,1
637.3144154279241,101.40991858731797,1
638.949858863096,62.700415512465376,1
665.8810188153099,88.07192081616105,1
746.4564622771443,84.76457641795352,1
774.6960963093771,97.24716171527271,1
752.5624189393909,67.66710574049142,1
729.0112492919825,107.92466477272541,1
712.7653217153194,100.36037789122653,1
704.4788306308826,81.31925380025082,1
700.9896516545571,60.2056680042072,1
695.6470780853107,52.686807478463194,1
689.7593282919876,74.62982776121075,1
683.1083658797805,76.08650786247848,1
677.6566036390141,48.202602477220665,1
681.7998917997616,49.85426623238258,1
688.8870122386418,51.26691690297061,1
697.3916249549443,88.74611470066621,1
708.4038266856481,79.46220117006078,1
711.6749692671663,69.80089964980074,1
707.422662909015,51.470316486618536,1
692.3761059779091,45.95470424584645,1
685.3980037364325,76.54055932526126,1
674.0584917023432,88.42151515507794,1
674.8217895582854,56.64279638131245,1
668.7159181330968,63.19612615433476,1
671.7688538456911,80.64471787519483,1
688.9960304360454,89.17668254638045,1
685.725143565702,100.79748822605966,1
674.0584917023432,66.19184818352477,1
665.8810188153099,58.60143819715758,1
661.3015726278893,94.64341511824976,1
686.0521981579129,109.96260969772365,1
744.4938790127031,102.42847966049104,1
750.054574213815,95.56583346654166,1
721.7059219841789,55.45812953280486,1
699.7902810090001,60.268798457528675,1
686.7063925793934,75.40403053977272,1
684.1986330908755,79.29714164060755,1
685.0708639071635,95.4747211236516,1
701.0986698519607,95.89031459340984,1
703.7156180119987,67.16371930127983,1
695.3199382560415,92.64663729128014,1
686.9244289742009,62.53978748524203,1
675.3669657823621,83.83834129288675,1
673.9494735049394,88.99434785444043,1
677.0024944545919,93.41601109741198,1
675.3669657823621,76.37528198632556,1
693.684580057928,76.4886439284235,1
710.2575622268018,60.023629257234425,1
696.0832361119836,56.58080782094161,1
694.6658290716193,55.746082078175505,1
686.7064778164515,59.60017815032327,1
758.7773085619833,63.90763008214845,1
722.5783232745829,67.73857270044468,1
715.1639777693753,57.272049586776866,1
730.9737473193653,70.77713888888889,1
732.7183794260571,46.33476307189543,1
726.1763499741955,47.07818930041152,1
718.5440533112389,55.44061440997073,1
713.310412702338,57.74435537855254,1
703.1703565508636,68.7496424592923,1
697.936801179021,64.89380241461097,1
693.6844948208698,65.45245869519692,1
689.5412066601222,62.578564796645146,1
712.6563035179157,78.15,1
717.7808406923548,113.15780881050767,1
710.4755986216093,68.47439492325856,1
700.7717004968079,60.82112255184332,1
690.9586989375447,65.61285309356573,1
688.1238848568158,83.17869774750629,1
721.7060924582948,71.87177983768893,1
746.2384258823366,90.79653575256835,1
731.6279417408457,65.69739870031852,1
719.4163693645847,87.76282027122946,1
704.3698124334788,75.1757923221372,1
700.6625118252878,43.95717075892857,1
695.5380598879069,49.51785714285714,1
713.3104979393961,60.63866390306122,1
728.5750060282513,69.55249433106576,1
717.8898588897586,95.85051138342675,1
711.3479146749551,69.01135617166317,1
701.6439313130955,61.15232727175325,0
235.64406962542853,79.96305114638447,1
34.89068168149803,88.27701600531663,0
